Species,EFN
Aphelandra_albert-smithii,1
Aphelandra_barkleyi,1
Aphelandra_deppeana,1
Aphelandra_dielsii,1
Aphelandra_fasciculata,1
Aphelandra_fernandezii,1
Aphelandra_glabrata,1
Aphelandra_golfodulcensis,1
Aphelandra_gracilis,1
Aphelandra_grandis,1
Aphelandra_hartwegiana,1
Aphelandra_hylaea,1
Aphelandra_impress,1
Aphelandra_lasia,1
Aphelandra_leonardii,1
Aphelandra_lingua-bovis,1
Aphelandra_macrophylla,1
Aphelandra_panamensis,1
Aphelandra_pharangophila,1
Aphelandra_pulcherrima,1
Aphelandra_scabra,1
Aphelandra_scolnikae,1
Aphelandra_sinclairiana,1
Aphelandra_storkii,1
Aphelandra_terryae,1
Aphelandra_tetragona,1
Barleria_diacantha,1
Barleria_eranthemoides,1
Barleria_trispinosa,1
Ruellia_brachysiphon,1
Ruellia_bulbifera,1
Ruellia_coerulea,1
Ruellia_erythropus,1
Ruellia_hypercoides,1
Ruellia_macrosolen,1
Ruellia_multifolia,1
Ruellia_radicans,1
Thunbergia_erecta,1
Thunbergia_grandiflora,1
Thunbergia_laurifolia,1
Sambucus_canadensis,1
Sambucus_coerula,1
Sambucus_ebulus,1
Sambucus_javanica,1
Sambucus_latipinna,1
Sambucus_microbotrys,1
Sambucus_nigra,1
Sambucus_pubens,1
Sambucus_racemosa,1
Sambucus_siebolidana,1
Sambucus_williamsii,1
Viburnum_beccarii,1
Viburnum_boninensis,1
Viburnum_clemensae,1
Viburnum_cornutidens,1
Viburnum_costaricanum,1
Viburnum_dilatatum,1
Viburnum_edule,1
Viburnum_erosum,1
Viburnum_glaberrium,1
Viburnum_koreanum,1
Viburnum_opulus,1
Viburnum_platyphyllum,1
Viburnum_propinquum,1
Viburnum_sargentii,1
Viburnum_stellatomentosum,1
Viburnum_venustrum,1
Viburnum_vernicosum,1
Viburnum_wrightii,1
Iresine_celosia,1
Anacardium_occidentale,1
Holigarna_arnottiana,1
Holigarna_ferruginea,1
Holigarna_grahamii,1
Holigarna_helferi,1
Allamandra_cathartica,1
Allamandra_neriifolia,1
Aspidospema_quebracho-blanco,1
Calotropis_gigantea,1
Ceropegia_johnsonii,1
Ceropegia_sankuruensis,1
Dregea_volubilis,1
Gonolobus_barabatus,1
Gymnema_lactiferum,1
Gymnema_pachyglossum,1
Hoya_carnosa,1
Hoya_longifolia,1
Ichnocarpus_fruticosus,1
Marsdenia_glabra,1
Pachypodium_saundersii,1
Plumeria_alba,1
Plumeria_rubra,1
Prestonia_mexicana,1
Sarcostemma_gardneri,1
Stephanotis_floribunda,1
Tabernaemontana_divaricata,1
Wrightia_laevis,1
Ilex_paraguariensis,1
Alocasia_grata,1
Alocasia_putzeysii,1
Philodendron_acutatum,1
Philodendron_cuspidatum,1
Philodendron_deflexum,1
Philodendron_fragrantissimum,1
Philodendron_lindenii,1
Asparagus_acutifolius,1
Dracaena_reflexa,1
Sansevieria_abyssinica,1
Sansevieria_aethiopica,1
Sansevieria_aubrytiana,1
Sansevieria_canaliculata,1
Sansevieria_conspicua,1
Sansevieria_cynlindrica,1
Sansevieria_desertii,1
Sansevieria_dooneri,1
Sansevieria_ehrenbergii,1
Sansevieria_humbertiana,1
Sansevieria_phillipsiae,1
Sansevieria_pinguicula,1
Sansevieria_scabrifolia,1
Sansevieria_singularis,1
Sansevieria_sulcata,1
Sansevieria_thyrsiflora,1
Sansevieria_zeylandica,1
Yucca_filamentosa,1
Yucca_glauca,1
Bidens_pillosa,1
Centaurea_alpina,1
Centaurea_angustifolia,1
Centaurea_badensis,1
Centaurea_cyanus,1
Centaurea_jacea,1
Centaurea_karstiana,1
Centaurea_montana,1
Centaurea_orientalis,1
Centaurea_ruthenica,1
Centaurea_sadleriana,1
Centaurea_scabiosa,1
Clibadium_schulzzi,1
Happlopappus_venosus,1
Helianthella_californicus,1
Helianthella_quinquenervis,1
Helianthus_annuus,1
Helianthus_giganteus,1
Helianthus_grosseserratus,1
Helianthus_maximiliani,1
Helianthus_nuttallii,1
Helianthus_petiolaris,1
Helianthus_salciifolius,1
Helianthus_strumosus,1
Helianthus_tuberosus,1
Helichrysum_bracteatum,1
Helichrysum_viscosum,1
Jurinea_mollis,1
Melampodium_divarticulatum,1
Melanthera_aspera,1
Podospermum_jacquinanum,1
Sachsia_polycephala,1
Serratula_cretican,1
Serratula_lycopifolia,1
Serratula_radiata,1
Balanophora_kuroiwai,1
Balanophora_tobiracola,1
Balsamina_coccinea,1
Balsamina_hortensis,1
Balsamina_lechenaultii,1
Hydrocera_triflora,1
Impatiens_balfourii,1
Impatiens_balsamifera,1
Impatiens_balsamina,1
Impatiens_bicolor,1
Impatiens_chinensis,1
Impatiens_cristata,1
Impatiens_fruticosa,1
Impatiens_glandulifera,1
Impatiens_holstii,1
Impatiens_hongkongensis,1
Impatiens_maackii,1
Impatiens_noli-tangere,1
Impatiens_pallida,1
Impatiens_parviflora,1
Impatiens_platypetala,1
Impatiens_scabrida,1
Impatiens_sultanii,1
Impatiens_tricornis,1
Adenocalymma_adenophorum,1
Adenocalymma_apurense,1
Adenocalymma_axillarum,1
Adenocalymma_bracteatum,1
Adenocalymma_bracteolatum,1
Adenocalymma_bracteosum,1
Adenocalymma_campicola,1
Adenocalymma_comosum,1
Adenocalymma_cymbalum,1
Adenocalymma_flaviflorum,1
Adenocalymma_impressum,1
Adenocalymma_inundatum,1
Adenocalymma_magnificum,1
Adenocalymma_marginatum,1
Adenocalymma_moringfolia,1
Adenocalymma_nodosum,1
Adenocalymma_paulistarum,1
Adenocalymma_salmoneum,1
Adenocalymma_subincanum,1
Adenocalymma_trichocladum,1
Amphilophium_askersonii,1
Amphilophium_bauhinoides,1
Amphilophium_buccinatorium,1
Amphilophium_crucigerum,1
Amphilophium_cynanchoides,1
Amphilophium_elongatum,1
Amphilophium_frutescens,1
Amphilophium_granulosum,1
Amphilophium_laevis,1
Amphilophium_magnoliifolium,1
Amphilophium_mansoana,1
Amphilophium_nunezii,1
Amphilophium_paniculatum,1
Amphilophium_pannosum,1
Amphilophium_parkeri,1
Amphilophium_rodriguesii,1
Amphitecna_latifolia,1
Anemopaegma_album,1
Anemopaegma_arvense,1
Anemopaegma_chamberlaynii,1
Anemopaegma_flavum,1
Anemopaegma_floridum,1
Anemopaegma_foetidum,1
Anemopaegma_laeve,1
Anemopaegma_orbiculatum,1
Anemopaegma_puberulum,1
Anemopaegma_robustum,1
Anemopaegma_scabriusculum,1
Bignonia_aequinoctialis,1
Bignonia_binata,1
Bignonia_bracteomana,1
Bignonia_callistegioides,1
Bignonia_capreolata,1
Bignonia_carolinae,1
Bignonia_corymbosa,1
Bignonia_diversiflora,1
Bignonia_heterophylla,1
Bignonia_hyacnthina,1
Bignonia_microcalyx,1
Bignonia_nocturna,1
Bignonia_prieurei,1
Bignonia_sciuripabula,1
Bignonia_uleana,1
Callichlamys_latifolia,1
Campsis_grandiflora,1
Campsis_radicans,1
Catalpa_adenocalymna,1
Catalpa_bignoniodes,1
Catalpa_brevipes,1
Catalpa_bungei,1
Catalpa_fargesii,1
Catalpa_longissima,1
Catalpa_macrocarpa,1
Catalpa_ovata,1
Catalpa_purpurea,1
Catalpa_speciosa,1
Chilopsis_linearis,1
Crescentia_alata,1
Crescentia_amazonica,1
Crescentia_cucurbitacea,1
Crescentia_cujete,1
Crescentia_linearifolia,1
Cuspidaria_cinerea,1
Cuspidaria_convoluta,1
Cuspidaria_floribunda,1
Cuspidaria_inaequalis,1
Cuspidaria_lateriflora,1
Cuspidaria_sceptrum,1
Cuspidaria_subincana,1
Cybistax_antisyphillitica,1
Dolichandra_chodatii,1
Dolichandra_cynanchoides,1
Dolichandra_dentata,1
Dolichandra_quadrivalvis,1
Dolichandra_steyermarkii,1
Dolichandra_uncata,1
Dolichandra_unguis-cati,1
Dolichandrone_serrulata,1
Fernandoa_adenophylla,1
Fridericia_candicans,1
Fridericia_caudigera,1
Fridericia_chica,1
Fridericia_cinerea,1
Fridericia_cinnamomea,1
Fridericia_conjugata,1
Fridericia_dichomata,1
Fridericia_dispar,1
Fridericia_erubescens,1
Fridericia_florida,1
Fridericia_leucopogon,1
Fridericia_mutabilis,1
Fridericia_nigrescens,1
Fridericia_oligantha,1
Fridericia_patellifera,1
Fridericia_platyphylla,1
Fridericia_prancei,1
Fridericia_pubescens,1
Fridericia_rego,1
Fridericia_samydoides,1
Fridericia_schumanniana,1
Fridericia_speciosa,1
Fridericia_spicata,1
Fridericia_subincana,1
Fridericia_trailli,1
Fridericia_triplnervia,1
Fridericia_truncata,1
Handroanthus_albus,1
Handroanthus_chrysotrichus,1
Handroanthus_heptaphyllus,1
Handroanthus_impetiginosus,1
Handroanthus_lapacho,1
Handroanthus_ochraceus,1
Handroanthus_pulcherrimus,1
Handroanthus_serratifolius,1
Haplophrama_adenophyllum,1
Incarvillea_lutea,1
Jacaranda_caucana,1
Jacaranda_copaia,1
Jacaranda_cuspidifolia,1
Jacaranda_macrantha,1
Jacaranda_mimosifolia,1
Jacaranda_puberula,1
Kigelia_africana,1
Lundia_cordata,1
Lundia_corymbifera,1
Lundia_densiflora,1
Lundia_spruceana,1
Lundia_triphylla,1
Lundia_virginalis,1
Manaosella_cordifolia,1
Mansoa_difficilis,1
Mansoa_hirsuta,1
Mansoa_hymenaea,1
Mansoa_lanceolata,1
Mansoa_macrocarpum,1
Mansoa_standleyi,1
Mansoa_verrucifera,1
Markhamia_stipulata,1
Martinella_obovata,1
Mayodendron_igneum,1
Neojobertia_candolleana,1
Newbouldia_laevis,1
Nyctocalos_cuspidatum,1
Nyctocalos_macrosiphon,1
Pachyptera_aromatica,1
Pachyptera_kerere,1
Pandorea_jasminoides,1
Pandorea_pandorana,1
Parmentiera_cerifera,1
Plenotoma_variabilis,1
Pleonotoma_tetraquetra,1
Podranea_ricasoliana,1
Pyrostegia_venusta,1
Radermachera_glandulosa,1
Radermachera_pinnata,1
Spathodea_campanulata,1
Stenolobium_stans,1
Tabebuia_aurea,1
Tabebuia_heterophylla,1
Tabebuia_nodosa,1
Tabebuia_ochracea,1
Tabebuia_rosea,1
Tabebuia_roseoalba,1
Tanaecium_affinis,1
Tanaecium_bilabiatum,1
Tanaecium_caudiculatum,1
Tanaecium_crucigerum,1
Tanaecium_pyramidatum,1
Tanaecium_revillae,1
Tanaecium_selloi,1
Tanaecium_tetragonolobum,1
Tanaecium_truncata,1
Tecoma_capensis,1
Tecoma_fulva,1
Tecoma_stans,1
Tecoma_tenuiflora,1
Tweediana_grandiflora,1
Tweediana_kaempferi,1
Tweediana_unguis,1
Tynanthus_elegans,1
Tynanthus_guatemalensis,1
Tynanthus_micranthus,1
Tynanthus_panurensis,1
Tynanthus_polyanthus,1
Tynanthus_villosus,1
Xylophragma_harleyi,1
Xylophragma_myrianthum,1
Zeyheria_montana,1
Zeyheria_tuberculosa,1
Bixa_orellana,1
Cochlospermum_vitifolium,1
Cordia_dentata,1
Cordia_spinescens,1
Brassica_juncea,1
Aechmea_dichlamydea,1
Aechmea_ramosa,1
Aechmea_victoriana,1
Deuterocohnia_longipetala,1
Dyckia_ferox,1
Dyckia_floribunda,1
Dyckia_fosteriana,1
Dyckia_gilliesii,1
Dyckia_ragonesei,1
Dyckia_velascana,1
Hohenbergia_stellata,1
Tillandsia_recurvata,1
Protium_neglectum,1
Ancistrocactus_brevihamatus,1
Ancistrocactus_scheeri,1
Carnegia_gigantea,1
Cereus_pernambucensis,1
Coryphantha_clava,1
Coryphantha_clavata,1
Coryphantha_echinoidea,1
Coryphantha_echinus,1
Coryphantha_erecta,1
Coryphantha_macromeris,1
Coryphantha_nickelsiae,1
Coryphantha_octacantha,1
Coryphantha_ottonis,1
Coryphantha_poselgeriana,1
Coryphantha_ramillosa,1
Coryphantha_recurvata,1
Coryphantha_robustispina,1
Coryphantha_sulcata,1
Echinocactus_polycephalus,1
Echinomastus_erectocentrus,1
Echinomastus_johnsonii,1
Ferocactus_acanthodes,1
Ferocactus_alamosanus,1
Ferocactus_alamosus,1
Ferocactus_cylindraceus,1
Ferocactus_emoryi,1
Ferocactus_gracilis,1
Ferocactus_hamatacanthus,1
Ferocactus_herrerae,1
Ferocactus_peninsulae,1
Ferocactus_pilosus,1
Ferocactus_pottsii,1
Ferocactus_recurvus,1
Ferocactus_viridescens,1
Ferocactus_wislizeni,1
Glandulicactus_uncinatus,1
Glandulicactus_wrightii,1
Hamatocactus_bicolor,1
Hamatocactus_hamatocanthus,1
Hylocereus_trigonis,1
Hylocereus_venezuelensis,1
Neobuxbaumia_euphorbioides,1
Neoraimondia_arequipensis,1
Opuntia_acanthocarpa,1
Opuntia_amyclea,1
Opuntia_arborescens,1
Opuntia_arbuscula,1
Opuntia_aurantiaca,1
Opuntia_basilaris,1
Opuntia_bigelovii,1
Opuntia_californica,1
Opuntia_caracasana,1
Opuntia_coccinellifera,1
Opuntia_compressa,1
Opuntia_decumana,1
Opuntia_echinocarpa,1
Opuntia_eliator,1
Opuntia_englemannii,1
Opuntia_fulgida,1
Opuntia_glaucophylala,1
Opuntia_humifusa,1
Opuntia_imbricata,1
Opuntia_kleinizc,1
Opuntia_leptocaulis,1
Opuntia_monocanthaha,1
Opuntia_phaeacanthaha,1
Opuntia_prolifera,1
Opuntia_pseudotuna,1
Opuntia_pseudoundonis,1
Opuntia_robusta,1
Opuntia_scheerii,1
Opuntia_spinosior,1
Opuntia_stricta,1
Opuntia_triacantha,1
Opuntia_versicolor,1
Opuntia_violaceae,1
Pachycereus_schottii,1
Rhipsalis_cassytha,1
Rhipsalis_teres,1
Thelocactus_bicolor,1
Centropogon_granulosus,1
Centropogon_hirtus,1
Lobelia_laxiflora,1
Siphocampylus_smilax,1
Capparis_baducca,1
Capparis_cynophallophora,1
Capparis_hastata,1
Capparis_retusa,1
Crataeva_tapia,1
Caryocar_brasiliense,1
Cephalotus_follicularis,1
Acioa_bellayana,1
Acioa_berterii,1
Chrysobalanus_ellipticus,1
Chrysobalanus_icaco,1
Couepia_chrysocalyx,1
Couepia_coarctata,1
Couepia_guianensis,1
Couepia_marleneae,1
Couepia_montclarensis,1
Couepia_nutans,1
Couepia_platycalyx,1
Hirtella_americana,1
Hirtella_bullata,1
Hirtella_glandulosa,1
Hirtella_gracilipes,1
Hirtella_guianiae,1
Hirtella_hoehney,1
Hirtella_macrophylla,1
Hirtella_magnifolia,1
Hirtella_myrecophila,1
Hirtella_paniculata,1
Hirtella_racemosa,1
Hirtella_radamii,1
Hirtella_sprucei,1
Hirtella_triandra,1
Licania_affinis,1
Licania_arborea,1
Licania_belloi,1
Licania_corniculata,1
Licania_heteromorpha,1
Licania_humilis,1
Licania_jimenezii,1
Licania_joseramosii,1
Licania_kallunkii,1
Licania_micrantha,1
Licania_morii,1
Licania_octandra,1
Licania_operculipetala,1
Licania_pittieri,1
Licania_platypus,1
Licania_riverae,1
Licania_sparsipilis,1
Licania_splendens,1
Licania_stevensii,1
Licania_tocantina,1
Maranthes_corymbosa,1
Maranthes_excelsa,1
Maranthes_panamensis,1
Maranthes_parvifolia,1
Parastemon_urophyllus,1
Parinari_alvirnii,1
Parinari_anammensis,1
Parinari_aurbrevilliae,1
Parinari_brachystachyum,1
Parinari_chrysophylla,1
Parinari_congensis,1
Parinari_corymbosum,1
Parinari_costata,1
Parinari_elmeri,1
Parinari_excelsa,1
Parinari_gabunense,1
Parinari_glabra,1
Parinari_holstii,1
Parinari_montana,1
Parinari_oblongifolia,1
Parinari_robusta,1
Parinari_sumatrana,1
Clusia_ellipticus,1
Buchenavia_grandis,1
Combretum_argeneum,1
Conocarpus_erectus,1
Conocarpus_procumbens,1
Laguncularia_racemosa,1
Lumnitzera_littorea,1
Meiostemon_tetrandrum,1
Pteleopsis_anisoptera,1
Pteleopsis_myrtifolia,1
Quisqualis_indica,1
Quisqualis_littorea,1
Quisqualis_parviflora,1
Terminalia_adenopoda,1
Terminalia_amazonica,1
Terminalia_archiboldiana,1
Terminalia_argentea,1
Terminalia_arjuna,1
Terminalia_beccarii,1
Terminalia_brachystemma,1
Terminalia_brasiliensis,1
Terminalia_brassii,1
Terminalia_bucidoides,1
Terminalia_calamansanai,1
Terminalia_catappa,1
Terminalia_chebula,1
Terminalia_citrina,1
Terminalia_complanata,1
Terminalia_crassifolia,1
Terminalia_fagifolia,1
Terminalia_foetidissima,1
Terminalia_gazensis,1
Terminalia_kaernbachii,1
Terminalia_longispicata,1
Terminalia_microcarpa,1
Terminalia_molii,1
Terminalia_mollis,1
Terminalia_myriocarpa,1
Terminalia_nitens,1
Terminalia_paniculata,1
Terminalia_pellucida,1
Terminalia_phanerophlebia,1
Terminalia_phellocarpa,1
Terminalia_prunioides,1
Terminalia_randii,1
Terminalia_sericea,1
Terminalia_slooteniana,1
Terminalia_soembawana,1
Terminalia_sogerensis,1
Terminalia_solomonensis,1
Terminalia_stenostachya,1
Terminalia_stuhlmannii,1
Terminalia_subserocea,1
Terminalia_supitiana,1
Terminalia_surigaensis,1
Terminalia_trichopoda,1
Argyreia_mollis,1
Argyreia_nervosa,1
Argyreia_obtusifolia,1
Argyreia_ridleyi,1
Cuscuta_applanata,1
Cuscuta_boldinghii,1
Cuscuta_japonica,1
Cuscuta_reflexa,1
Ipomoea_aculeatum,1
Ipomoea_alba,1
Ipomoea_amnicola,1
Ipomoea_anisomeres,1
Ipomoea_aquatica,1
Ipomoea_arborescens,1
Ipomoea_asarifolia,1
Ipomoea_batatas,1
Ipomoea_batatoides,1
Ipomoea_biloba,1
Ipomoea_bonariensis,1
Ipomoea_cairica,1
Ipomoea_carnea,1
Ipomoea_chiliantha,1
Ipomoea_chilopsidis,1
Ipomoea_cicatricosa,1
Ipomoea_coccinea,1
Ipomoea_descolei,1
Ipomoea_digitata,1
Ipomoea_fistulosa,1
Ipomoea_gracilis,1
Ipomoea_grandiflora,1
Ipomoea_hederifolia,1
Ipomoea_hieronymi,1
Ipomoea_horsfalliae,1
Ipomoea_indica,1
Ipomoea_intrapilosa,1
Ipomoea_learii,1
Ipomoea_leptophylla,1
Ipomoea_lilloana,1
Ipomoea_longifolia,1
Ipomoea_macrantha,1
Ipomoea_macrorhiza,1
Ipomoea_malpighipila,1
Ipomoea_malvaeoides,1
Ipomoea_mauritiana,1
Ipomoea_meyeri,1
Ipomoea_muricata,1
Ipomoea_murucoides,1
Ipomoea_nil,1
Ipomoea_nitida,1
Ipomoea_obscura,1
Ipomoea_padillae,1
Ipomoea_paludosa,1
Ipomoea_pandurata,1
Ipomoea_paniculata,1
Ipomoea_pauciflora,1
Ipomoea_pes-caprae,1
Ipomoea_populinae,1
Ipomoea_praecana,1
Ipomoea_purpurea,1
Ipomoea_quamoclit,1
Ipomoea_riparia,1
Ipomoea_rubens,1
Ipomoea_sagitatta,1
Ipomoea_schulziana,1
Ipomoea_stolonifera,1
Ipomoea_tastensis,1
Ipomoea_tribola,1
Ipomoea_trichocarpa,1
Ipomoea_tricolor,1
Ipomoea_trifida,1
Ipomoea_triloba,1
Ipomoea_tuberosa,1
Ipomoea_tuboides,1
Ipomoea_turbinata,1
Ipomoea_violacea,1
Ipomoea_volcanensis,1
Ipomoea_wolcottiana,1
Ipomoea_wrightii,1
Lepistemon_obscurum,1
Maripa_panamensis,1
Maripa_scandens,1
Merremia_aurea,1
Merremia_dissecta,1
Merremia_peltata,1
Merremia_quinata,1
Merremia_quinquinervis,1
Merremia_tuberosa,1
Merremia_umbellata,1
Operculina_alata,1
Operculina_pinnatifida,1
Operculina_pteripes,1
Operculina_tuberosa,1
Operculina_turpenthum,1
Porana_megalantha,1
Porana_velutina,1
Prevostea_mortehani,1
Prevostea_umbellata,1
Rivea_barnesii,1
Rivea_corymbosa,1
Rivea_hypocrteriformis,1
Rivea_luzonensis,1
Stictocardia_campanulata,1
Stictocardia_tiliaefolia,1
Turbina_abutiloides,1
Turbina_corymbosa,1
Costus_allenii,1
Costus_laevis,1
Costus_pulverulentus,1
Costus_scaberulus,1
Costus_speciosus,1
Costus_spicatus,1
Costus_woodsonii,1
Adromischus_alstonii,1
Abobra_viridiflora,1
Actinostemma_paniculatum,1
Adenopus_breviflorus,1
Benincasa_hispida,1
Blastania_fimbristipula,1
Bryonia_amplexicaulis,1
Bryonia_cordifolia,1
Bryonia_grandis,1
Bryonopsis_erythrocarpa,1
Bryonopsis_lacinosa,1
Cephalandra_indica,1
Citrullus_colcynthis,1
Coccinia_barteri,1
Coccinia_cordifolia,1
Coccinia_indica,1
Coccinia_palmata,1
Cucurbita_ficifolia,1
Cucurbita_maxima,1
Cucurbita_moschata,1
Cucurbita_pepo,1
Eopepon_vitifolius,1
Fevillea_albiflora,1
Hodgsonia_macrocarpa,1
Lagenaria_breviflora,1
Lagenaria_guineensis,1
Lagenaria_leucanta,1
Lagenaria_siceraria,1
Lagenaria_vulgaris,1
Luffa_acutangula,1
Luffa_aegyptica,1
Luffa_amara,1
Luffa_cordifolia,1
Luffa_cylindrica,1
Momordica_cabraei,1
Momordica_charantia,1
Momordica_cochinchinensis,1
Physedra_heterophylla,1
Sicydium_tamnifolium,1
Sphaerosicyos_sphaericus,1
Telfairia_occidentalis,1
Telfairia_pedata,1
Thladiantha_cordifolia,1
Trichosanthes_anguina,1
Trichosanthes_kirilowii,1
Trichosanthes_pentaphylla,1
Dichapetalum_barterii,1
Dichapetalum_borneense,1
Dichapetalum_dichapetalum,1
Dichapetalum_fallax,1
Dichapetalum_ferrugineum,1
Dichapetalum_gelonioides,1
Dichapetalum_griffithii,1
Dichapetalum_helferianum,1
Dichapetalum_laurocerasus,1
Dichapetalum_papuanum,1
Dichapetalum_platyphyllum,1
Dichapetalum_resista,1
Dichapetalum_reticulum,1
Dichapetalum_sessiliflorum,1
Dichapetalum_steenisii,1
Dichapetalum_tenerum,1
Dichapetalum_tenuifolium,1
Dichapetalum_timoriense,1
Dichapetalum_tricapsulare,1
Triphyophyllum_peltatum,1
Dioscorea_adenocarpa,1
Dioscorea_alata,1
Dioscorea_amarantoides,1
Dioscorea_bancana,1
Dioscorea_blumei,1
Dioscorea_bulbifera,1
Dioscorea_calcicola,1
Dioscorea_campestris,1
Dioscorea_cayenensis,1
Dioscorea_communis,1
Dioscorea_convolvulacea,1
Dioscorea_cummingii,1
Dioscorea_divaricata,1
Dioscorea_dodecaneura,1
Dioscorea_elegans,1
Dioscorea_elephantipes,1
Dioscorea_elmeri,1
Dioscorea_esculenta,1
Dioscorea_filiformis,1
Dioscorea_flabellifolia,1
Dioscorea_glabra,1
Dioscorea_glandulosa,1
Dioscorea_gracilipes,1
Dioscorea_grata,1
Dioscorea_havilandii,1
Dioscorea_hispida,1
Dioscorea_japonica,1
Dioscorea_kingii,1
Dioscorea_lamprocaula,1
Dioscorea_laurifolia,1
Dioscorea_laxiflora,1
Dioscorea_loheri,1
Dioscorea_luzonensis,1
Dioscorea_macroura,1
Dioscorea_madiuensis,1
Dioscorea_merrillii,1
Dioscorea_moultonii,1
Dioscorea_nieuwenhuisii,1
Dioscorea_nipponica,1
Dioscorea_nummularia,1
Dioscorea_opaca,1
Dioscorea_opposita,1
Dioscorea_orbiculata,1
Dioscorea_oryzetorum,1
Dioscorea_pentaphylla,1
Dioscorea_peperoides,1
Dioscorea_pierrei,1
Dioscorea_piscatorum,1
Dioscorea_platycarpa,1
Dioscorea_polyclades,1
Dioscorea_praehensilis,1
Dioscorea_prainiana,1
Dioscorea_puber,1
Dioscorea_pyrifolia,1
Dioscorea_quartiniana,1
Dioscorea_quinqueloba,1
Dioscorea_rotundata,1
Dioscorea_sarasinii,1
Dioscorea_scortechinii,1
Dioscorea_sexrimata,1
Dioscorea_sinuata,1
Dioscorea_sitamiana,1
Dioscorea_tamarisciflora,1
Dioscorea_tenuifolia,1
Dioscorea_tokoro,1
Dioscorea_vanvuurenii,1
Dioscorea_vilis,1
Dioscorea_villosa,1
Dioscorea_wallichii,1
Dioscorea_warburgiana,1
Stenomeris_dioscoreifolia,1
Hopea_mengawaran,1
Hopea_odorata,1
Monotes_adenophylla,1
Monotes_africana,1
Monotes_kerstingii,1
Neobalanocar_heimei,1
Shorea_acuminata,1
Shorea_bracteolata,1
Shorea_chinensis,1
Shorea_dasyphylla,1
Shorea_guiso,1
Shorea_lepidota,1
Shorea_leprosula,1
Shorea_macroptera,1
Shorea_ochrophloia,1
Shorea_ovalis,1
Shorea_pauciflora,1
Shorea_stenoptera,1
Vatica_bella,1
Vatica_pauciflora,1
Dionaea_peltatum,1
Drosophyllum_lusitanicum,1
Diospyros_abyssinica,1
Diospyros_acuminata,1
Diospyros_albens,1
Diospyros_alboflavescens,1
Diospyros_anisandra,1
Diospyros_artanthalefolia,1
Diospyros_atrotricha,1
Diospyros_australis,1
Diospyros_austroafricana,1
Diospyros_barteri,1
Diospyros_batocana,1
Diospyros_bicolor,1
Diospyros_bipidensis,1
Diospyros_bumeloides,1
Diospyros_buxifolia,1
Diospyros_campechiana,1
Diospyros_caniculata,1
Diospyros_capreifolia,1
Diospyros_caribaea,1
Diospyros_chamaethamnus,1
Diospyros_coccolobifolia,1
Diospyros_conferiflora,1
Diospyros_cooperi,1
Diospyros_copelandi,1
Diospyros_crassiflora,1
Diospyros_dendo,1
Diospyros_dichrophylla,1
Diospyros_digyna,1
Diospyros_discolor,1
Diospyros_ebenaster,1
Diospyros_ebenum,1
Diospyros_emarginata,1
Diospyros_eriantha,1
Diospyros_fasciculiflora,1
Diospyros_ferrea,1
Diospyros_gabunensis,1
Diospyros_galpini,1
Diospyros_glabra,1
Diospyros_graciliflora,1
Diospyros_guerkei,1
Diospyros_guianensis,1
Diospyros_heterotricha,1
Diospyros_hirsuta,1
Diospyros_hoyleana,1
Diospyros_ierensis,1
Diospyros_inconstans,1
Diospyros_iturensis,1
Diospyros_johnstoniana,1
Diospyros_juruensis,1
Diospyros_kaki,1
Diospyros_latifolia,1
Diospyros_liberiensis,1
Diospyros_lotus,1
Diospyros_lucida,1
Diospyros_lyrioides,1
Diospyros_mannii,1
Diospyros_mespiliformis,1
Diospyros_mespolilernia,1
Diospyros_mexicana,1
Diospyros_montana,1
Diospyros_morrisiana,1
Diospyros_mosieri,1
Diospyros_natalensis,1
Diospyros_nicaraguensis,1
Diospyros_nigrescens,1
Diospyros_nigrocortex,1
Diospyros_oblongifolia,1
Diospyros_ovalifolia,1
Diospyros_pallens,1
Diospyros_Panamense,1
Diospyros_pilosanthera,1
Diospyros_piscatoria,1
Diospyros_poeppigiana,1
Diospyros_polyaltheoides,1
Diospyros_pseudomenspilus,1
Diospyros_psidioides,1
Diospyros_pubescens,1
Diospyros_punctata,1
Diospyros_sanza-minika,1
Diospyros_scabra,1
Diospyros_sericea,1
Diospyros_shippii,1
Diospyros_siamensis,1
Diospyros_tetrasperma,1
Diospyros_texana,1
Diospyros_thomasii,1
Diospyros_verae-crusis,1
Diospyros_vignei,1
Diospyros_villosa,1
Diospyros_virginiana,1
Diospyros_virginis,1
Diospyros_whyteans,1
Diospyros_xishuangbannoensis,1
Diospyros_yatesiana,1
Diospyros_zenkeri,1
Euclea_acutifolia,1
Euclea_crispa,1
Euclea_divinorum,1
Euclea_kellau,1
Euclea_lanceolata,1
Euclea_natalensis,1
Euclea_ovata,1
Euclea_pseudoebenus,1
Euclea_racemosa,1
Euclea_schiperi,1
Euclea_undulata,1
Lissocarpa_benthamii,1
Lissocarpa_guianensis,1
Lissocarpa_jensonii,1
Lissocarpa_kating,1
Lissocarpa_ronliesneri,1
Lissocarpa_stenocarpa,1
Lissocarpa_tetramera,1
Lissocarpa_uyat,1
Cavendishia_aberans,1
Cavendishia_albopicata,1
Cavendishia_arizonensis,1
Cavendishia_chiriquiensis,1
Cavendishia_ciliata,1
Cavendishia_coccinea,1
Cavendishia_fortunensis,1
Cavendishia_lactiviscida,1
Cavendishia_panamensis,1
Cavendishia_porphyrea,1
Cavendishia_pseudostenophylla,1
Vaccinium_boninensis,1
Vaccinium_bracteatum,1
Vaccinium_koreanum,1
Vaccinium_oldhami,1
Vaccinium_theysmannii,1
Vaccinium_uliginosum,1
Acalypha_amentacea,1
Adriana_quadripartita,1
Adriana_tomentosa,1
Alchornea_cordifolia,1
Alchornea_costaricensis,1
Alchornea_glandulosa,1
Alchornea_grandis,1
Alchornea_latifolia,1
Alchornea_laxiflora,1
Alchornea_rugosa,1
Alchornea_tiliifolia,1
Alchornea_trewioides,1
Alchornea_triplinervia,1
Alchorneopsis_floribunda,1
Aleurites_moluccana,1
Aleurites_rockinghamensis,1
Anda_gomesii,1
Angostylis_longifolia,1
Aparisthmium_cordatum,1
Aporusa_chinensis,1
Aporusa_villosa,1
Aporusa_yunnanensis,1
Baccaurea_ramiflora,1
Balakata_baccata,1
Baliospermum_axillare,1
Blumeodendron_calophyllum,1
Caryodendron_angustifolium,1
Chrozophora_tinctoria,1
Claoxylon_angustifolium,1
Claoxylon_australe,1
Claoxylon_hillii,1
Claoxylon_tenerifolium,1
Cleidion_bracteosum,1
Cleidion_castaneifolium,1
Cnidoscolus_napaefolius,1
Coccoceras_sumatranum,1
Croton_amabilis,1
Croton_argyratus,1
Croton_aubrevillei,1
Croton_billbergianus,1
Croton_cascarilloides,1
Croton_caudatus,1
Croton_ciliato-gladuliferus,1
Croton_corintensis,1
Croton_crassifolius,1
Croton_draco,1
Croton_erythrostachys,1
Croton_exuberans,1
Croton_glandulosus,1
Croton_hemiargyreus,1
Croton_hirtus,1
Croton_hoffmannii,1
Croton_honcei,1
Croton_Jimenezii,1
Croton_kelantanicus,1
Croton_lachnocarpus,1
Croton_lanjouwensis,1
Croton_linearis,1
Croton_lucidus,1
Croton_macrocarpus,1
Croton_macrostachys,1
Croton_megistocarpus,1
Croton_mexicanus,1
Croton_panamensis,1
Croton_refractus,1
Croton_salutaris,1
Croton_sarcopetalus,1
Croton_skutchii,1
Croton_speciousus,1
Croton_tenuicaudatus,1
Croton_tiglium,1
Croton_tonduzii,1
Croton_xanthochloros,1
Cunuria_spruceana,1
Dalechampia_cissifolia,1
Dalechampia_dioscoreifolia,1
Dalechampia_stipulaceae,1
Endospermum_chinense,1
Endospermum_diadenum,1
Endospermum_malaccense,1
Endospermum_peltatum,1
Epiprinus_malayanus,1
Euphorbia_blodgettii,1
Euphorbia_cyparissias,1
Euphorbia_heterophylla,1
Euphorbia_millii,1
Euphorbia_pulcherrima,1
Excoecaria_agallocha,1
Excoecaria_bicolor,1
Excoecaria_biglandulosa,1
Fahrenheitia_pendula,1
Fragariopsis_warmingii,1
Grimmeodendron_eglandulosum,1
Grymnanthes_riparia,1
Hevea_brasiliensis,1
Hevea_spruceana,1
Hieronyma_alchorneoides,1
Hippomane_mancinella,1
Homalanthus_maprouna,1
Homalanthus_novoguieensis,1
Homalanthus_populifolius,1
Hura_crepitans,1
Jatropha_chevalieri,1
Jatropha_ellenbeckii,1
Jatropha_gossypifolia,1
Jatropha_weberbauri,1
Koilodepas_longifolium,1
Mabea_klugii,1
Mabea_occidentalis,1
Macaranga_aleuritoides,1
Macaranga_andamanica,1
Macaranga_auriculata,1
Macaranga_baccaureifolia,1
Macaranga_bareteri,1
Macaranga_bicolor,1
Macaranga_brevipetiolata,1
Macaranga_caladifolia,1
Macaranga_conifera,1
Macaranga_costulata,1
Macaranga_curtisii,1
Macaranga_denticulata,1
Macaranga_depressa,1
Macaranga_didymocarpa,1
Macaranga_diepenhorstii,1
Macaranga_endertii,1
Macaranga_fulva,1
Macaranga_gigantea,1
Macaranga_henryi,1
Macaranga_heterophylla,1
Macaranga_heudelotii,1
Macaranga_heynei,1
Macaranga_hispida,1
Macaranga_hurifolia,1
Macaranga_indica,1
Macaranga_involucrata,1
Macaranga_kinabaluensis,1
Macaranga_kurzii,1
Macaranga_lanarius,1
Macaranga_lowii,1
Macaranga_monandra,1
Macaranga_pearsoni,1
Macaranga_praestans,1
Macaranga_pseudopriunosa,1
Macaranga_punctata,1
Macaranga_quadricornis,1
Macaranga_quadriglandulosa,1
Macaranga_rarispina,1
Macaranga_recuravata,1
Macaranga_repandodentata,1
Macaranga_rostrata,1
Macaranga_sampsonii,1
Macaranga_sarcocarpa,1
Macaranga_spathicalyx,1
Macaranga_spinosa,1
Macaranga_stigosissima,1
Macaranga_subdentata,1
Macaranga_tanarius,1
Macaranga_trichocarpa,1
Macaranga_triloba,1
Macaranga_winkleriana,1
Mallotus_apelta,1
Mallotus_barbatus,1
Mallotus_chromocarpus,1
Mallotus_cuneatus,1
Mallotus_dispar,1
Mallotus_eriocarpus,1
Mallotus_eximius,1
Mallotus_floribundus,1
Mallotus_griffithianus,1
Mallotus_hookerianus,1
Mallotus_japonicus,1
Mallotus_kingii,1
Mallotus_kongkandae,1
Mallotus_leptostachys,1
Mallotus_leucodermis,1
Mallotus_macrostachys,1
Mallotus_mollissimus,1
Mallotus_oblongifolius,1
Mallotus_pallidus,1
Mallotus_paniculatus,1
Mallotus_peltatus,1
Mallotus_penangensis,1
Mallotus_phillippensis,1
Mallotus_repandus,1
Mallotus_stewardii,1
Mallotus_tetracoccus,1
Mallotus_tilifolius,1
Manihot_aesculifolia,1
Manihot_angustiloba,1
Manihot_brachyloba,1
Manihot_carthaginensis,1
Manihot_caudata,1
Manihot_chlorosticta,1
Manihot_crassisepala,1
Manihot_davisiae,1
Manihot_esculenta,1
Manihot_michaelis,1
Manihot_oaxacana,1
Manihot_rhomboidea,1
Manihot_websterae,1
Mareya_congolensis,1
Mareya_micrantha,1
Neoscortechinii_nicobaria,1
Neoscortechinii_sumatrensis,1
Neoshirakia_japonica,1
Omphalea_diandra,1
Pausandra_macropetala,1
Pausandra_trianae,1
Pedilanthus_tithmaloides,1
Pimelodendron_griffithianum,1
Ptychopyxis_costata,1
Richeria_obvata,1
Ricinodendron_rautaneni,1
Ricinus_communis,1
Ricinus_sanguinensis,1
Rockinghamia_angustifolia,1
Sapium_allenii,1
Sapium_baccatum,1
Sapium_glandulosum,1
Sapium_macrocarpum,1
Sapium_pachystachys,1
Sapium_rugudfolium,1
Sebastiana_brasiliensis,1
Sebastiana_klotzschiana,1
Shirakiopsis_indica,1
Stillingia_setifera,1
Tetrorchidium_costaicense,1
Tetrorchidium_euryphyllum,1
Tetrorchidium_rotundatum,1
Triadica_discolor,1
Triadica_sebifera,1
Trigonostemon_sumatranus,1
Vernicia_cordata,1
Vernicia_fordii,1
Vernicia_montana,1
Abarema_jupumba,1
Abarema_lucida,1
Abarema_scutifera,1
Abarema_turgida,1
Acacia_abyssinica,1
Acacia_acanthoclada,1
Acacia_acradenia,1
Acacia_acuifera,1
Acacia_aculeatissima,1
Acacia_acuminata,1
Acacia_adhaerens,1
Acacia_adunca,1
Acacia_allenii,1
Acacia_amazonica,1
Acacia_amblygona,1
Acacia_amentacea,1
Acacia_amoena,1
Acacia_anegadensis,1
Acacia_aneura,1
Acacia_angustissima,1
Acacia_asparagoides,1
Acacia_ataxacantha,1
Acacia_attenuata,1
Acacia_aulacocarpa,1
Acacia_auriculiformis,1
Acacia_ausfeldii,1
Acacia_baileyana,1
Acacia_barahonensis,1
Acacia_baronii,1
Acacia_belairioides,1
Acacia_berlanderii,1
Acacia_betchei,1
Acacia_biaciculata,1
Acacia_bilimeki,1
Acacia_blakei,1
Acacia_blakelyi,1
Acacia_brachystachya,1
Acacia_brandageana,1
Acacia_brevispica,1
Acacia_bucheri,1
Acacia_caesia,1
Acacia_caffra,1
Acacia_calamifolia,1
Acacia_calyculata,1
Acacia_cambagei,1
Acacia_camptocladia,1
Acacia_cana,1
Acacia_canescens,1
Acacia_caurina,1
Acacia_chalkeri,1
Acacia_chariessa,1
Acacia_cheelii,1
Acacia_choriophylla,1
Acacia_chundra,1
Acacia_cincinnata,1
Acacia_cochliacantha,1
Acacia_cochlocarpa,1
Acacia_complanata,1
Acacia_concinna,1
Acacia_concurrens,1
Acacia_conferta,1
Acacia_confusa,1
Acacia_constablei,1
Acacia_constricta,1
Acacia_cookii,1
Acacia_coriacea,1
Acacia_crassa,1
Acacia_cucuyo,1
Acacia_cultriformis,1
Acacia_curvifructa,1
Acacia_cyanophyla,1
Acacia_cyclops,1
Acacia_dawsonii,1
Acacia_dealbata,1
Acacia_deanei,1
Acacia_decora,1
Acacia_decurrens,1
Acacia_dictyophleba,1
Acacia_difformis,1
Acacia_dodonaeifolia,1
Acacia_doratoxylon,1
Acacia_elongata,1
Acacia_ephedroides,1
Acacia_eremaea,1
Acacia_erubescens,1
Acacia_excelsa,1
Acacia_falcata,1
Acacia_falciformis,1
Acacia_farnesiana,1
Acacia_ferruginea,1
Acacia_fimbriata,1
Acacia_floribunda,1
Acacia_gaumeri,1
Acacia_glandulifera,1
Acacia_glomerosa,1
Acacia_grandistipula,1
Acacia_greggii,1
Acacia_hayesii,1
Acacia_huarango,1
Acacia_hubbardiana,1
Acacia_huilana,1
Acacia_insulae-lacobi,1
Acacia_interior,1
Acacia_iteaphylla,1
Acacia_ixodes,1
Acacia_janzenii,1
Acacia_kallunkiae,1
Acacia_karroo,1
Acacia_koa,1
Acacia_koaia,1
Acacia_lacerans,1
Acacia_latifolia,1
Acacia_leiocalyx,1
Acacia_leptostachya,1
Acacia_ligulata,1
Acacia_lineata,1
Acacia_longifolia,1
Acacia_longissima,1
Acacia_loretensis,1
Acacia_macradenia,1
Acacia_maidenii,1
Acacia_maranoensis,1
Acacia_mearnsii,1
Acacia_melanoxylon,1
Acacia_melvillei,1
Acacia_microbotrya,1
Acacia_microsperma,1
Acacia_miersii,1
Acacia_mucronata,1
Acacia_muricata,1
Acacia_myrtifolia,1
Acacia_neriifolia,1
Acacia_nitidifolia,1
Acacia_occidentalis,1
Acacia_omalophylla,1
Acacia_oshanesii,1
Acacia_oviedoensis,1
Acacia_pacensis,1
Acacia_paraensis,1
Acacia_parramattensis,1
Acacia_parviflora,1
Acacia_peninsularis,1
Acacia_pennata,1
Acacia_pennatula,1
Acacia_penninervis,1
Acacia_piauhiensis,1
Acacia_picachensis,1
Acacia_plumosa,1
Acacia_podalyriifolia,1
Acacia_polyacantha,1
Acacia_polyphylla,1
Acacia_polypyrigenes,1
Acacia_potosina,1
Acacia_pringlei,1
Acacia_pubescens,1
Acacia_pulchella,1
Acacia_pycnantha,1
Acacia_retinodes,1
Acacia_rigidula,1
Acacia_robusta,1
Acacia_roigii,1
Acacia_rorudiana,1
Acacia_rubida,1
Acacia_ruddiae,1
Acacia_saligna,1
Acacia_schaffneri,1
Acacia_schottii,1
Acacia_semirigida,1
Acacia_serra,1
Acacia_shirleyi,1
Acacia_soratensis,1
Acacia_spadicifera,1
Acacia_stenophylla,1
Acacia_stowardii,1
Acacia_suaveolens,1
Acacia_subangulata,1
Acacia_subulata,1
Acacia_tamarindifolia,1
Acacia_telensis,1
Acacia_tenuifolia,1
Acacia_terminalis,1
Acacia_tetragonophylla,1
Acacia_tomentella,1
Acacia_tortuosa,1
Acacia_triptera,1
Acacia_ulcifolia,1
Acacia_uncinella,1
Acacia_villosa,1
Acacia_wildenowiana,1
Acacia_zapatensis,1
Adenanthera_colubin,1
Adenanthera_pavonina,1
Adenanthera_spahaerocephala,1
Affonsea_hirsuta,1
Albizia_adinocephala,1
Albizia_amara,1
Albizia_caribeae,1
Albizia_chinensis,1
Albizia_coreana,1
Albizia_corniculata,1
Albizia_falcataria,1
Albizia_guachapele,1
Albizia_idiopoda,1
Albizia_julibrissin,1
Albizia_lebbeck,1
Albizia_lebbekoides,1
Albizia_lophantha,1
Albizia_moluccana,1
Albizia_pedicellata,1
Albizia_procera,1
Albizia_retusa,1
Albizia_saponaria,1
Albizia_stipulata,1
Alexa_canaracuensis,1
Alexa_grandiflora,1
Alexa_wachenheimii,1
Anadenanthera_colubrina,1
Anadenanthera_falcata,1
Apios_americana,1
Archidendron_bubalinum,1
Archidendron_calycinum,1
Archidendron_dypearia,1
Archidendron_globosum,1
Archidendron_kerrii,1
Archidendron_lucidum,1
Archidendron_macrocarpum,1
Archidendron_ramiflorum,1
Archidendron_utile,1
Arthrosamanea_altissima,1
Balizia_peticilaris,1
Baptisia_leucophylla,1
Bauhinia_blakeana,1
Bauhinia_cheilantha,1
Bauhinia_pauletia,1
Bauhinia_rufa,1
Bauhinia_ungulata,1
Brownea_grandiceps,1
Brownea_macrophylla,1
Caesalpinia_bondoc,1
Caesalpinia_crista,1
Caesalpinia_cucullatum,1
Caesalpinia_gilliesii,1
Caesalpinia_japonica,1
Calliandra_haematomma,1
Calopogonium_caeruleum,1
Canavalia_gladiata,1
Canavalia_lineata,1
Canavalia_maritima,1
Canavalia_rosea,1
Cassia_absus,1
Cassia_acutifolia,1
Cassia_alata,1
Cassia_apoucouita,1
Cassia_artemisioides,1
Cassia_atroglandulosa,1
Cassia_auriculata,1
Cassia_bacillaris,1
Cassia_bicapsularis,1
Cassia_biflora,1
Cassia_calyciodes,1
Cassia_canca,1
Cassia_chaemaecrista,1
Cassia_colubrina,1
Cassia_coluteoides,1
Cassia_covesii,1
Cassia_dimidists,1
Cassia_divaricata,1
Cassia_fasciculata,1
Cassia_floribunda,1
Cassia_fruticosa,1
Cassia_gaudichaudi,1
Cassia_glandulosa,1
Cassia_glauca,1
Cassia_hebecarpa,1
Cassia_hochstetterii,1
Cassia_hookeriana,1
Cassia_kleinei,1
Cassia_laevigata,1
Cassia_leptocarpa,1
Cassia_leschenaultiana,1
Cassia_marilandica,1
Cassia_mimosoides,1
Cassia_mindanaensis,1
Cassia_multijuga,1
Cassia_negrensis,1
Cassia_nictitans,1
Cassia_obtusifolia,1
Cassia_occidentalis,1
Cassia_oxyphylla,1
Cassia_patellaria,1
Cassia_phyllodinea,1
Cassia_pumila,1
Cassia_reticulata,1
Cassia_rugosa,1
Cassia_sophora,1
Cassia_speciosa,1
Cassia_stenocarpa,1
Cassia_sturtii,1
Cassia_surattensis,1
Cassia_tomentosa,1
Cassia_tora,1
Cassia_uniflora,1
Castanospermum_australe,1
Centrolobium_paraense,1
Chamaecrista_amorimii,1
Chamaecrista_blanchetii,1
Chamaecrista_brachystachya,1
Chamaecrista_calycioides,1
Chamaecrista_chamaecristoides,1
Chamaecrista_choriophylla,1
Chamaecrista_confertiformis,1
Chamaecrista_coriacea,1
Chamaecrista_cystoides,1
Chamaecrista_debilis,1
Chamaecrista_decora,1
Chamaecrista_depauperata,1
Chamaecrista_desvauxii,1
Chamaecrista_diphylla,1
Chamaecrista_fasciculata,1
Chamaecrista_flexuosa,1
Chamaecrista_mucronata,1
Chamaecrista_nictitans,1
Chamaecrista_olesiphylla,1
Chamaecrista_onusta,1
Chamaecrista_pascuorum,1
Chamaecrista_pilosa,1
Chamaecrista_potentilla,1
Chamaecrista_serpens,1
Chamaecrista_supplex,1
Chamaecrista_unijuga,1
Chamaefistula_amabilis,1
Chamaefistula_antillana,1
Chamaefistula_elegans,1
Chloroleucon_dumosum,1
Chloroleucon_foliolosum,1
Crotalaria_anagyroides,1
Crotalaria_incana,1
Crotalaria_maypurensis,1
Crotalaria_murcronata,1
Crotalaria_pallida,1
Crotalaria_pumila,1
Delonix_adansonioides,1
Delonix_regia,1
Desmanthus_bicornatus,1
Desmanthus_illinoisensis,1
Desmanthus_leptolobus,1
Desmanthus_pernambucanus,1
Desmanthus_virgatus,1
Dichrostachys_glomerata,1
Dolichos_bicontortus,1
Dolichos_lablab,1
Dolichos_leucomelas,1
Dolichos_melanophtalmus,1
Dolichos_sesquipedalis,1
Dolichos_sinensis,1
Dunbaria_fusca,1
Dunbaria_podocarpa,1
Dunbaria_rotundifolia,1
Entada_phaseoloides,1
Enterolobium_contortisiliquum,1
Enterolobium_cyclocarpum,1
Enterolobium_gummiferum,1
Enterolobium_schomburgkii,1
Erythrina_abyssinica,1
Erythrina_berteroana,1
Erythrina_caffra,1
Erythrina_crista-galli,1
Erythrina_flabelliformis,1
Erythrina_fusca,1
Erythrina_greenwayi,1
Erythrina_hastifolia,1
Erythrina_herbacea,1
Erythrina_lysistemon,1
Erythrina_macropteryx,1
Erythrina_pallida,1
Erythrina_poeppigiana,1
Erythrina_rubrinervia,1
Erythrina_speciosa,1
Erythrina_subumbrans,1
Erythrina_tahitensis,1
Erythrina_tomentosa,1
Erythrina_variegata,1
Erythrina_velutina,1
Erythrina_vespertillo,1
Erythrophleum_africanum,1
Erythrophleum_densiflorum,1
Erythrophleum_fordii,1
Erythrophleum_guineense,1
Erythrophleum_ivorense,1
Erythrophleum_suaveolens,1
Erythrophleum_teysmannii,1
Faidherbia_albida,1
Gilbertiodendron_couminga,1
Gilbertiodendron_limba,1
Gilbertiodendron_oogouense,1
Glycine_sinensis,1
Glycyrrhiza_lepidota,1
Hardenbergia_comptoniana,1
Hippocrepis_bicontorta,1
Hippocrepis_biflora,1
Hippocrepis_brevipetala,1
Hippocrepis_ciliata,1
Hippocrepis_constricta,1
Hippocrepis_cyclocarpa,1
Hippocrepis_maura,1
Hippocrepis_multisiliquosa,1
Hippocrepis_salzmanni,1
Hippocrepis_unisiliquosa,1
Hymenaea_courbaril,1
Hymenaea_stigonocarpa,1
Indigofera_bainesii,1
Indigofera_basiflora,1
Indigofera_biglandulosa,1
Indigofera_brevipatentes,1
Indigofera_compressa,1
Indigofera_eremophila,1
Indigofera_erythrogramma,1
Indigofera_gairdnerse,1
Indigofera_glabra,1
Indigofera_hermannioides,1
Indigofera_inhambanensis,1
Indigofera_kirkii,1
Indigofera_monantha,1
Indigofera_mysorensis,1
Indigofera_nebrowniana,1
Indigofera_phymatodea,1
Indigofera_strobilifera,1
Indigofera_suaveolens,1
Indigofera_tanganyikensis,1
Indigofera_uniflora,1
Indigofera_vohemanarensis,1
Indigofera_wightii,1
Indigofera_wituensis,1
Inga_acuminata,1
Inga_adenophylla,1
Inga_brenesii,1
Inga_capitata,1
Inga_cocleensis,1
Inga_densiflora,1
Inga_edulis,1
Inga_fagifolia,1
Inga_fanchoniana,1
Inga_feuillei,1
Inga_goldmanii,1
Inga_hayesii,1
Inga_heterophylla,1
Inga_huberi,1
Inga_laurina,1
Inga_longispina,1
Inga_marginata,1
Inga_minutula,1
Inga_mortoniana,1
Inga_mucuna,1
Inga_multijuga,1
Inga_nobilis,1
Inga_oestediana,1
Inga_ornata,1
Inga_panaensis,1
Inga_paterno,1
Inga_pauciflora,1
Inga_pezizifera,1
Inga_punctata,1
Inga_quaternata,1
Inga_ruiziana,1
Inga_sapindoides,1
Inga_setulifera,1
Inga_spectabilis,1
Inga_spuria,1
Inga_stipularis,1
Inga_thibaultiana,1
Inga_tribaudina,1
Inga_umbellifera,1
Inga_unguis,1
Inga_uruguaensis,1
Inga_vera,1
Inga_villosissima,1
Lablab_vulgaris,1
Leucaena_esculenta,1
Leucaena_leucocephala,1
Leucaena_multicapitula,1
Leucaena_retusa,1
Libidibia_ferrea,1
Lysiloma_latisiliqua,1
Lysiloma_sabicu,1
Lysiloma_thornberi,1
Macroptilium_erythroloma,1
Mariosousa_acatlensis,1
Mariosousa_centralis,1
Mariosousa_compacta,1
Mariosousa_coulteri,1
Mariosousa_dolichostachya,1
Mariosousa_durangensis,1
Mariosousa_mammifera,1
Mariosousa_millefolia,1
Mariosousa_ruselliana,1
Mariosousa_salazarii,1
Mariosousa_sericea,1
Mariosousa_usumacintensis,1
Mariosousa_willardiana,1
Microlobius_foetidus,1
Mimosa_colombiana,1
Mimosa_guilandinae,1
Mimosa_irrigua,1
Mimosa_lepidophora,1
Mimosa_myriadena,1
Mimosa_nothacacia,1
Mimosa_pithecolobioides,1
Mimosa_revoluta,1
Mimosa_rufescens,1
Mimosa_townsendii,1
Mimosa_watsonii,1
Mimosa_xanthocentra,1
Monoptera_angustifolia,1
Monoptera_uaucu,1
Mucuna_gigantea,1
Mucuna_pruriens,1
Neptunia_plena,1
Parapiptadenia_excelsa,1
Parapiptadenia_zehntneri,1
Parkia_auriculata,1
Parkia_bicolor,1
Parkia_biglobosa,1
Parkia_decussata,1
Parkia_discolor,1
Parkia_filicoidea,1
Parkia_javanica,1
Parkia_madagascariensis,1
Parkia_nitida,1
Parkia_oppositifolia,1
Parkia_paraensis,1
Parkia_pectinata,1
Parkia_pendula,1
Parkia_singularis,1
Parkia_streptocarpa,1
Parkia_ulei,1
Pentaclethra_macroloba,1
Phaseolus_angularis,1
Phaseolus_atropurpureus,1
Phaseolus_calcaratus,1
Phaseolus_caracalla,1
Phaseolus_lunatus,1
Phaseolus_multiflorus,1
Phaseolus_nipponensis,1
Phaseolus_radiatus,1
Phaseolus_vividissimus,1
Phaseolus_vulgaris,1
Piptadenia_adiantoides,1
Piptadenia_buchtienii,1
Piptadenia_flava,1
Piptadenia_foederale,1
Piptadenia_gonoacantha,1
Piptadenia_leucoxylon,1
Piptadenia_stipulacea,1
Piptadenia_trisperma,1
Piptadenia_viridiflora,1
Pithecellobium_barbourianum,1
Pithecellobium_brevifolium,1
Pithecellobium_clypearia,1
Pithecellobium_dinizzi,1
Pithecellobium_diversifolium,1
Pithecellobium_dulse,1
Pithecellobium_hymenaefolium,1
Pithecellobium_hystrix,1
Pithecellobium_lingustrinum,1
Pithecellobium_longifolium,1
Pithecellobium_macradenium,1
Pithecellobium_rufescens,1
Pithecellobium_unguis-cati,1
Pityrocarpa_moniliformis,1
Pityrocarpa_obliqua,1
Plathymenia_ptadenia,1
Plathymenia_reticulata,1
Poinciana_regia,1
Poincianella_bracteosa,1
Poincianella_gardeneriana,1
Prosopis_juliflora,1
Prosopis_pallida,1
Pseudopiptadenia_psilostachya,1
Pseudopiptadenia_suaveolens,1
Pueraria_montana,1
Rhynchosia_capitata,1
Rhynchosia_falconi,1
Rhynchosia_minima,1
Rhynchosia_nummularia,1
Robinia_pseudo-acacia,1
Samanea_dinklagei,1
Senegalia_bonariensis,1
Senegalia_catechu,1
Senegalia_etilis,1
Senegalia_kelloggiana,1
Senegalia_klugii,1
Senegalia_macbridei,1
Senegalia_modesta,1
Senegalia_monacantha,1
Senegalia_polyphylla,1
Senegalia_praecox,1
Senegalia_riparia,1
Senegalia_velutina,1
Senegalia_visco,1
Senna_acclinis,1
Senna_aciphylla,1
Senna_acuparata,1
Senna_acuruensis,1
Senna_affinis,1
Senna_angulata,1
Senna_angustisiliqua,1
Senna_aphylla,1
Senna_apiculata,1
Senna_apisdoneura,1
Senna_araucarietorum,1
Senna_argentea,1
Senna_arida,1
Senna_aristeguietae,1
Senna_armata,1
Senna_arnottiana,1
Senna_artemisioides,1
Senna_aurantia,1
Senna_australis,1
Senna_aversiflora,1
Senna_aymara,1
Senna_bacillaris,1
Senna_barclayana,1
Senna_bauhiniodes,1
Senna_benitoensis,1
Senna_bicapsularis,1
Senna_birostris,1
Senna_brongniartii,1
Senna_burkatiana,1
Senna_cajamarcae,1
Senna_cana,1
Senna_candolleana,1
Senna_cardiosperma,1
Senna_caudata,1
Senna_cernua,1
Senna_chacoensis,1
Senna_chloroclada,1
Senna_chrysocarpa,1
Senna_cobanensis,1
Senna_collicola,1
Senna_confinis,1
Senna_cornigera,1
Senna_coronilloides,1
Senna_corymbosa,1
Senna_covesii,1
Senna_crassiramea,1
Senna_crotalarioides,1
Senna_cruckshanksii,1
Senna_cuatrecasasii,1
Senna_cumingii,1
Senna_dariensis,1
Senna_demissa,1
Senna_durangensis,1
Senna_foetidissima,1
Senna_formosa,1
Senna_fruiticosa,1
Senna_gardneri,1
Senna_georgica,1
Senna_glutinosa,1
Senna_guatemalensis,1
Senna_harleyi,1
Senna_hayesiana,1
Senna_hebecarpa,1
Senna_herzogii,1
Senna_hilariana,1
Senna_hirsuta,1
Senna_holwayana,1
Senna_huancabambae,1
Senna_huilana,1
Senna_incarnata,1
Senna_insularis,1
Senna_itatiaiae,1
Senna_koelziana,1
Senna_kuhlmanii,1
Senna_kurtzii,1
Senna_lasseingniana,1
Senna_latifolia,1
Senna_lechriosperma,1
Senna_leiophylla,1
Senna_ligustrina,1
Senna_lindheimeriana,1
Senna_longiglandulosa,1
Senna_loretensis,1
Senna_lourteigiana,1
Senna_macranthera,1
Senna_macrophylla,1
Senna_malspinae,1
Senna_mandoni,1
Senna_marilandica,1
Senna_mensicola,1
Senna_mexicana,1
Senna_morongii,1
Senna_mucronifera,1
Senna_multifoliata,1
Senna_multiglandulosa,1
Senna_multijuga,1
Senna_mutisiana,1
Senna_nana,1
Senna_neglecta,1
Senna_nitida,1
Senna_obliqua,1
Senna_oblongifolia,1
Senna_obtusifolia,1
Senna_occidentalis,1
Senna_odorata,1
Senna_oligoclada,1
Senna_orcuttii,1
Senna_organesis,1
Senna_oxyphylla,1
Senna_pallida,1
Senna_papillosa,1
Senna_paraensis,1
Senna_pendula,1
Senna_pentagonia,1
Senna_phlebadenia,1
Senna_pilifera,1
Senna_pilosior,1
Senna_pinheiroi,1
Senna_pneumatica,1
Senna_polyphylla,1
Senna_praeterita,1
Senna_pumilio,1
Senna_punoensis,1
Senna_purpusii,1
Senna_quinquangulata,1
Senna_reniformis,1
Senna_rigida,1
Senna_ripleyana,1
Senna_rizzinii,1
Senna_robiniifolia,1
Senna_roemeriana,1
Senna_rostrata,1
Senna_rugosa,1
Senna_ruiziana,1
Senna_rupununientsis,1
Senna_santenderensis,1
Senna_scabriuscula,1
Senna_scandens,1
Senna_septemtrionalis,1
Senna_skinneri,1
Senna_smithiana,1
Senna_sophora,1
Senna_spinescens,1
Senna_splendida,1
Senna_stenocarpoides,1
Senna_stenophylla,1
Senna_stipulaceae,1
Senna_subtrijuga,1
Senna_subulata,1
Senna_sulfurae,1
Senna_surattensis,1
Senna_talpana,1
Senna_tapajozensis,1
Senna_tenufolia,1
Senna_tonduzii,1
Senna_trachypus,1
Senna_tranae,1
Senna_trolliiflora,1
Senna_tropica,1
Senna_uncata,1
Senna_undulata,1
Senna_uniflora,1
Senna_urmenetae,1
Senna_vargasii,1
Senna_velutina,1
Senna_versicolor,1
Senna_viciifolia,1
Senna_villosa,1
Senna_viminea,1
Senna_weddelliana,1
Senna_williamsii,1
Serianthes_sachetae,1
Stachyothyrsus_stapfiana,1
Stryphnodendron_adstringens,1
Stryphnodendron_microstachyum,1
Stryphnodendron_moricolor,1
Stryphnodendron_obovatum,1
Stryphnodendron_occhionianum,1
Stryphnodendron_paniculatum,1
Stryphnodendron_polyphyllum,1
Vachellia_albicorticata,1
Vachellia_aroma,1
Vachellia_astringens,1
Vachellia_baessleria,1
Vachellia_bravoensis,1
Vachellia_californica,1
Vachellia_campechiana,1
Vachellia_caven,1
Vachellia_daemon,1
Vachellia_drepanolobium,1
Vachellia_eburnea,1
Vachellia_macracantha,1
Vachellia_nilotica,1
Vachellia_tortuosa,1
Vachellia_villaregalis,1
Vicia_angustifolia,1
Vicia_cracca,1
Vicia_faba,1
Vicia_glauca,1
Vicia_hirsuta,1
Vicia_narbonensis,1
Vicia_sativa,1
Vicia_sepium,1
Vicia_villosa,1
Vigna_luteola,1
Vigna_sesquipedalis,1
Vigna_sinensis,1
Vigna_unguiculata,1
Wallaceodendron_celebicum,1
Weberbauerella_celebicum,1
Quercus_alba,1
Quercus_mongolica,1
Flagellaria_indica,1
Fouquieria_splendens,1
Anthocleista_nobilis,1
Calolisianthus_amplissimus,1
Calolisianthus_pedunculatus,1
Calolisianthus_pendulus,1
Calolisianthus_speciosus,1
Chelonanthus_acutangulus,1
Chelonanthus_alata,1
Chelonanthus_alatus,1
Chelonanthus_angustifolius,1
Chelonanthus_grandiflorus,1
Chelonanthus_purpurascens,1
Chelonanthus_viridiflorus,1
Coutoubea_ramosa,1
Coutoubea_spicata,1
Curtia_conferta,1
Curtia_diffusa,1
Curtia_tenella,1
Curtia_verticillaris,1
Deinanira_damazioi,1
Helia_oblongifolia,1
Helia_brevifolia,1
Hockinia_montana,1
Irlbachia_pendunculata,1
Macrocarpaea_Caerulescens,1
Macrocarpaea_glaziovii,1
Macrocarpaea_obtusifolia,1
Macrocarpaea_rubia,1
Rogersonanthus_quelchii,1
Schultesia_australis,1
Schultesia_brachyptera,1
Symphyllophyton_caprifolioides,1
Tapeinostemon_longiflorum,1
Tapeinostemon_spenneroides,1
Voyriella_parviflora,1
Codonanthe_crassifolia,1
Sacoglottis_gabonensis,1
Vantanea_oblongifolia,1
Vantanea_obovata,1
Iris_graminea,1
Iris_haplophila,1
Iris_xyphium,1
Ixonanthes_icosandra,1
Hyptidendron_canum,1
Aegiphila_cephalophora,1
Aegiphila_fendleri,1
Aegiphila_lhotzkiana,1
Aegiphila_panamensis,1
Aegiphila_sellowiana,1
Callicarpa_acuminata,1
Callicarpa_dichotoma,1
Callicarpa_glabra,1
Callicarpa_japonica,1
Callicarpa_longifolia,1
Callicarpa_mollis,1
Callicarpa_nishimurae,1
Callicarpa_reevesii,1
Callicarpa_subpubescens,1
Clerodendrum_aculeatum,1
Clerodendrum_blumeanum,1
Clerodendrum_bungei,1
Clerodendrum_fallax,1
Clerodendrum_fistuolosum,1
Clerodendrum_fragrans,1
Clerodendrum_inerme,1
Clerodendrum_infortunatum,1
Clerodendrum_phyllomega,1
Clerodendrum_simplex,1
Clerodendrum_siphonathus,1
Clerodendrum_squamatum,1
Clerodendrum_tracyanum,1
Clerodendrum_trichotomum,1
Cornutia_grandiflora,1
Faradaya_papuana,1
Faradaya_splendida,1
Gmelina_arborea,1
Gmelina_asiatica,1
Gmelina_chinensis,1
Gmelina_histrix,1
Holmskioldia_sanguinea,1
Hyptis_capitata,1
Gustavia_superba,1
Lilium_croceum,1
Lilium_tigridum,1
Wachendorfia_thyrsiflora,1
Linum_campanulatum,1
Linum_macrai,1
Linum_oligophyllum,1
Linum_rigidum,1
Linum_sulcatum,1
Mentzelia_nuda,1
Mentzelia_speciosa,1
Fagraea_cranifolia,1
Fagraea_crassifolia,1
Fagraea_elliptica,1
Fagraea_lanceolata,1
Fagraea_litoralis,1
Fagraea_monantha,1
Fagraea_obovata,1
Fagraea_peregrina,1
Lafoensia_pacari,1
Punica_granatum,1
Acridocarpus_adenopharus,1
Acridocarpus_longifolius,1
Banisteriopsis_argentea,1
Banisteriopsis_campestris,1
Banisteriopsis_carolina,1
Banisteriopsis_cornifolia,1
Banisteriopsis_laevifolia,1
Banisteriopsis_mariae,1
Banisteriopsis_stellaris,1
Bunchosia_biocellata,1
Bunchosia_glandulifera,1
Bunchosia_gracilis,1
Bunchosia_lindeniana,1
Bunchosia_nitida,1
Byrsonima_cordifolia,1
Byrsonima_riparia,1
Carolus_anderssonii,1
Diplopterys_caberana,1
Diplopterys_mexicana,1
Diplopterys_pauciflora,1
Diplopterys_pubipetala,1
Galphimia_brasiliensis,1
Galphimia_gracilis,1
Heteropteris_acutifolia,1
Heteropteris_byrsonimifolia,1
Heteropteris_chrysophylla,1
Heteropteris_dichromocalycis,1
Heteropteris_laurifolia,1
Heteropteris_marginata,1
Heteropteris_nitida,1
Hiptage_burkilliana,1
Hiptage_luzonica,1
Hiptage_madablota,1
Hiptage_pubescens,1
Hiptage_sericea,1
Hiraea_grandifolia,1
Hiraea_reclinata,1
Lophanthera_kunthiana,1
Lophanthera_splendens,1
Malpighia_coccigera,1
Malpighia_elliptica,1
Malpighia_furcata,1
Malpighia_glabra,1
Malpighia_romeroana,1
Malpighia_urens,1
Mascagnia_hippocretoides,1
Mascagnia_nervosa,1
Mezia_beckii,1
Peixotoa_reticulata,1
Peixotoa_tomentosa,1
Ryssopterys_albida,1
Ryssopterys_tiliaefolia,1
Ryssopterys_timorensis,1
Spachea_membranacea,1
Sphedamnocarpus_pulcherrimus,1
Stigmaphyllon_auriculatum,1
Stigmaphyllon_brachiatum,1
Stigmaphyllon_convolvulifolium,1
Stigmaphyllon_ellipticum,1
Stigmaphyllon_hypargyreum,1
Stigmaphyllon_hypoleucum,1
Stigmaphyllon_lalandianum,1
Stigmaphyllon_londenianum,1
Stigmaphyllon_periplocaefolium,1
Stigmaphyllon_sagittatum,1
Stigmaphyllon_sagraeanum,1
Trislettateria_australasiae,1
Alyogyne_hakeifolia,1
Ayenia_klugii,1
Ayenia_mastatalensis,1
Ayenia_praelara,1
Azanza_garckiana,1
Bombacopsis_glabra,1
Bombacopsis_quinata,1
Bombax_ellipticum,1
Bombax_longifolia,1
Bombax_marginatum,1
Bombax_martianum,1
Byttneria_abutiloides,1
Byttneria_aculeata,1
Byttneria_ancistrodonta,1
Byttneria_andamanensis,1
Byttneria_aspera,1
Byttneria_asterotricha,1
Byttneria_atrata,1
Byttneria_aurantiaca,1
Byttneria_australis,1
Byttneria_baronii,1
Byttneria_benensis,1
Byttneria_bernieri,1
Byttneria_boliviana,1
Byttneria_catalpaefolia,1
Byttneria_cordata,1
Byttneria_cordifolia,1
Byttneria_coriacea,1
Byttneria_crenulata,1
Byttneria_curtisii,1
Byttneria_dahomensis,1
Byttneria_dentata,1
Byttneria_divaricata,1
Byttneria_echinata,1
Byttneria_ekmannii,1
Byttneria_filipes,1
Byttneria_flexuosa,1
Byttneria_fruiticosa,1
Byttneria_fulva,1
Byttneria_gayana,1
Byttneria_genistela,1
Byttneria_glazioui,1
Byttneria_guineensis,1
Byttneria_herbacea,1
Byttneria_heteromorpha,1
Byttneria_hirsuta,1
Byttneria_integrifolia,1
Byttneria_ivorensis,1
Byttneria_jackiana,1
Byttneria_jaculifolia,1
Byttneria_loxensis,1
Byttneria_macrantha,1
Byttneria_melantha,1
Byttneria_melastomaefolia,1
Byttneria_microphylla,1
Byttneria_mollis,1
Byttneria_obliqua,1
Byttneria_oblongata,1
Byttneria_oranensis,1
Byttneria_orinocensis,1
Byttneria_ovata,1
Byttneria_pedersenii,1
Byttneria_pescapraefolia,1
Byttneria_pilosa,1
Byttneria_ramosissima,1
Byttneria_reinwaldtii,1
Byttneria_rhamifolia,1
Byttneria_sagitifolia,1
Byttneria_scabra,1
Byttneria_scapellata,1
Byttneria_uaupensis,1
Byttneria_urticifolia,1
Byttneria_vallensis,1
Byttneria_voulilyi,1
Byttneria_weberbaueri,1
Ceiba_pentandra,1
Cephalohibiscus_peekelii,1
Cienfuegosia_affinis,1
Cienfuegosia_chiaragii,1
Cienfuegosia_digitata,1
Cienfuegosia_drumondii,1
Cienfuegosia_gerrardii,1
Cienfuegosia_hearnii,1
Cienfuegosia_heteroclada,1
Cienfuegosia_hetorophylla,1
Cienfuegosia_hildebrandtii,1
Cienfuegosia_humbertiana,1
Cienfuegosia_rosei,1
Cienfuegosia_somaliana,1
Cienfuegosia_subterna,1
Cienfuegosia_tripartita,1
Cienfuegosia_welshii,1
Clappertonia_ficifolia,1
Decaschistia_byrnesii,1
Dicellostyles_axiallaris,1
Dicellostyles_jujubifolia,1
Eremalche_rotundifolia,1
Eriotheca_gracilipes,1
Gaya_aurea,1
Gossypioides_brevilatum,1
Gossypioides_kirkii,1
Gossypium_anamalum,1
Gossypium_arboretum,1
Gossypium_areysianum,1
Gossypium_australe,1
Gossypium_barbadense,1
Gossypium_bickii,1
Gossypium_bombax,1
Gossypium_brasiliense,1
Gossypium_capitatis-viridis,1
Gossypium_costulatum,1
Gossypium_darwinii,1
Gossypium_davidsonii,1
Gossypium_harknessii,1
Gossypium_herbaceum,1
Gossypium_hirsutum,1
Gossypium_incanum,1
Gossypium_indicum,1
Gossypium_klotzschianum,1
Gossypium_lanceolatum,1
Gossypium_latifolium,1
Gossypium_laxum,1
Gossypium_lobatum,1
Gossypium_longicalyx,1
Gossypium_mexicanum,1
Gossypium_microcarpus,1
Gossypium_mustelinum,1
Gossypium_nanking,1
Gossypium_nelsonii,1
Gossypium_obtusifolium,1
Gossypium_palmerii,1
Gossypium_peruvianum,1
Gossypium_pilosum,1
Gossypium_populifolium,1
Gossypium_pulchellum,1
Gossypium_purpurascens,1
Gossypium_raimondii,1
Gossypium_religiosum,1
Gossypium_robinsonii,1
Gossypium_schizoliense,1
Gossypium_somaliense,1
Gossypium_stocksii,1
Gossypium_sturtianum,1
Gossypium_thurberi,1
Gossypium_trilobum,1
Gossypium_triphyllum,1
Gossypium_turneri,1
Gossypium_vitifolium,1
Gossypium_vulpinus,1
Grewia_biloba,1
Grewia_flava,1
Grewia_glandulosa,1
Grewia_hirsuta,1
Grewia_mallococca,1
Grewia_occidentalis,1
Grewia_serrulata,1
Hampea_albipetala,1
Hampea_appendiculata,1
Hampea_bracteolata,1
Hampea_breedlovei,1
Hampea_integerrima,1
Hampea_latifolia,1
Hampea_longipes,1
Hampea_mexicana,1
Hampea_micrantha,1
Hampea_montebellensis,1
Hampea_nutricia,1
Hampea_ovatifolia,1
Hampea_plantanifolia,1
Hampea_puntulata,1
Hampea_rovirosae,1
Hampea_sphaerocarpa,1
Hampea_stipitata,1
Hampea_thespesioides,1
Hampea_tomentosa,1
Hampea_trilobata,1
Helicteres_baruensis,1
Helicteres_brevispira,1
Helicteres_carthagenensis,1
Helicteres_hirsuta,1
Helicteres_isora,1
Helicteres_spicata,1
Helicteres_verbascifolia,1
Hibiscus_acetogella,1
Hibiscus_acicularis,1
Hibiscus_aculeatus,1
Hibiscus_archeri,1
Hibiscus_arnottianus,1
Hibiscus_asper,1
Hibiscus_bifurcatus,1
Hibiscus_biseptus,1
Hibiscus_brachenridgei,1
Hibiscus_brasiliensis,1
Hibiscus_calyphyllus,1
Hibiscus_cannabinus,1
Hibiscus_cardiophyllus,1
Hibiscus_cerradoensis,1
Hibiscus_cisplanatus,1
Hibiscus_cooperi,1
Hibiscus_costatus,1
Hibiscus_coulteri,1
Hibiscus_cucurbitaceus,1
Hibiscus_diversifolius,1
Hibiscus_eetveldeanus,1
Hibiscus_elatus,1
Hibiscus_elegans,1
Hibiscus_esculentus,1
Hibiscus_farragei,1
Hibiscus_flagelliformis,1
Hibiscus_furcatus,1
Hibiscus_furcellatus,1
Hibiscus_geroldianus,1
Hibiscus_glaber,1
Hibiscus_hasslerianus,1
Hibiscus_henningsianus,1
Hibiscus_immaculatus,1
Hibiscus_kitaibelifolius,1
Hibiscus_lavateroides,1
Hibiscus_laxiflorus,1
Hibiscus_macrophyllus,1
Hibiscus_maculatus,1
Hibiscus_peralbus,1
Hibiscus_pernambucensis,1
Hibiscus_peruvianus,1
Hibiscus_phoeniceus,1
Hibiscus_poeppigii,1
Hibiscus_ribifolius,1
Hibiscus_rockii,1
Hibiscus_rosa-sinensis,1
Hibiscus_sabdariffa,1
Hibiscus_schizopetalus,1
Hibiscus_scotellii,1
Hibiscus_similis,1
Hibiscus_spiralis,1
Hibiscus_syriacus,1
Hibiscus_tiliaceus,1
Hibiscus_uncinelllus,1
Hibiscus_urens,1
Hibiscus_urticaefolius,1
Hibiscus_vulpinus,1
Hibiscus_waimeae,1
Hibiscus_wilsonii,1
Hibiscus_youngianus,1
Horsfordia_alata,1
Ingenhousia_harknessii,1
Ingenhousia_triloba,1
Julostylis_ampumalensis,1
Julostylis_polyandra,1
Kokia_dryarioides,1
Kydia_calycina,1
Kydia_glabrescens,1
Lebronnecia_kokioides,1
Maga_cubensis,1
Malachra_fasciata,1
Malachra_radiata,1
Malachra_urens,1
Ochroma_pyramidale,1
Pachira_aquatica,1
Pseudobombax_septenatum,1
Radyera_farragei,1
Radyera_urens,1
Sida_acuta,1
Sterculia_acerifolia,1
Thespesia_acutiloba,1
Thespesia_beatensis,1
Thespesia_cubensis,1
Thespesia_danis,1
Thespesia_fissicalyx,1
Thespesia_garkeana,1
Thespesia_grandiflora,1
Thespesia_gummiflua,1
Thespesia_lampas,1
Thespesia_macrophylla,1
Thespesia_mossambicensis,1
Thespesia_multibracteata,1
Thespesia_patellifera,1
Thespesia_populnea,1
Thespesia_populneoides,1
Thespesia_robusta,1
Thespesia_thespesioides,1
Thespesia_trilobata,1
Tilia_platyphyllos,1
Trichospermum_mexicanum,1
Triumfetta_grandiflora,1
Triumfetta_lappula,1
Triumfetta_rhombiflora,1
Triumfetta_semitriloba,1
Triumfetta_velutina,1
Urena_lobata,1
Urena_rigida,1
Urena_sinuata,1
Calathea_bantae,1
Calathea_guzmanioides,1
Calathea_majestica,1
Calathea_ovandensis,1
Calathea_portobelensis,1
Calathea_robin-fosteri,1
Ctenanthe_amabilis,1
Ctenanthe_compressa,1
Ctenanthe_glabra,1
Ctenanthe_lubbersii,1
Ctenanthe_pilosa,1
Ctenanthe_setosa,1
Donax_canniformis,1
Donax_grandis,1
Donax_parviflorum,1
Megaphrynium_macrostachyum,1
Schumannianthus_dichotomous,1
Stromanthe_hjalmarssonii,1
Stromanthe_jacquinii,1
Stromanthe_macrochlamys,1
Thaumatococcos_danielli,1
Marcgravia_caudata,1
Marcgravia_cuspidata,1
Marcgravia_myriostigma,1
Marcgravia_nervosa,1
Marcgravia_pedunculosa,1
Marcgravia_rectiflora,1
Marcgravia_umbellata,1
Monsera_dubia,1
Norantea_guianensis,1
Norantea_peduncularis,1
Ruyschia_crassipes,1
Ruyschia_pilophora,1
Carapa_guianensis,1
Carapa_moluccensis,1
Cedrela_fissilis,1
Cedrela_odorata,1
Cipadessa_baccifera,1
Dysoxylum_pettigrewianum,1
Guarea_glabra,1
Pseudocedrela_kotschyi,1
Swietenia_humilis,1
Swietenia_macrophylla,1
Swietenia_mahogoni,1
Trichilia_cipo,1
Trichilia_connaroides,1
Trichilia_havanensis,1
Trichilia_montana,1
Trichilia_propingua,1
Heterocentron_subtriplinervium,1
Parabaena_sagittata,1
Tinospora_cordifolia,1
Tinospora_reticulata,1
Ficus_asperior,1
Ficus_aurantiaca,1
Ficus_begoniafolia,1
Ficus_benghalensis,1
Ficus_boninsimae,1
Ficus_celebica,1
Ficus_daemon,1
Ficus_gibbosa,1
Ficus_leucanthatoma,1
Ficus_neumannii,1
Ficus_obtusifolia,1
Ficus_obtusifolius,1
Ficus_populifolia,1
Ficus_rostrata,1
Ficus_semicordata,1
Ficus_septica,1
Ficus_tinctoria,1
Ficus_uniglandulosa,1
Ficus_vasta,1
Moringa_oleifera,1
Chamelaucium_axillare,1
Chamelaucium_hallii,1
Chamelaucium_uncinatum,1
Nepenthes_albomarginata,1
Nepenthes_ampullaria,1
Nepenthes_gracilis,1
Nepenthes_khasiana,1
Nepenthes_maxima,1
Nepenthes_mirabilis,1
Nepenthes_northiana,1
Nepenthes_raffesiana,1
Nepenthes_sanguinea,1
Nepenthes_veitchii,1
Ouratea_castanaefolia,1
Ouratea_hexasperma,1
Ouratea_lucens,1
Ouratea_spectabilis,1
Foriesteria_lingustrina,1
Lingustrum_acutissimum,1
Lingustrum_cultivans,1
Lingustrum_foliosum,1
Lingustrum_ibota,1
Lingustrum_japonicum,1
Lingustrum_lucidum,1
Lingustrum_micranthum,1
Lingustrum_obtusifolium,1
Lingustrum_ovalifolium,1
Lingustrum_quihoui,1
Lingustrum_regelianum,1
Lingustrum_vulgare,1
Olea_excelsa,1
Osmanthus_fragrans,1
Osmanthus_heterophylla,1
Osmanthus_ilicifolium,1
Osmanthus_insularis,1
Phillyrea_lutifolium,1
Phillyrea_media,1
Syringa_amurensis,1
Syringa_chinensis,1
Syringa_dilatata,1
Syringa_lucidum,1
Syringa_palibiniana,1
Syringa_persica,1
Syringa_reticulata,1
Syringa_sargentiana,1
Syringa_velutina,1
Syringa_vulgaris,1
Syringa_wolfi,1
Oenothera_albicaulis,1
Oenothera_nuttalii,1
Oenothera_pallida,1
Aerides_falcatum,1
Angraecum_eburneum,1
Ansellia_africana,1
Arachnis_flos-aeris,1
Arundina_graminifolius,1
Aspasia_principissa,1
Brassavola_nodosa,1
Broughtonia_sanguinea,1
Catasetum_inornatum,1
Catasetum_viridiflavum,1
Cattleya_aurantiata,1
Cattleya_bowringiana,1
Cattleya_dolosa,1
Cattleya_elongata,1
Cattleya_forbesii,1
Cattleya_percivaliana,1
Cattleya_skinneri,1
Cattleya_sylvatica,1
Cattleyopsis_lindeni,1
Cladobium_graminifolium,1
Coelogyne_flaccida,1
Coelogyne_nitida,1
Coelogyne_prolifera,1
Cymbidium_aloifolium,1
Cymbidium_lowianum,1
Cymbidium_madidum,1
Cymbidium_pendulatum,1
Cymbidium_tracianum,1
Cyrtopodium_puntatum,1
Dendrobium_anosmum,1
Dendrobium_chrysotoxum,1
Dimerandra_emarginata,1
Encyclia_atropurpureum,1
Encyclia_cochleatum,1
Epidendrum_anza,1
Epidendrum_atroviolaceum,1
Epidendrum_elongatum,1
Epidendrum_encyclea,1
Epidendrum_gouldii,1
Epidendrum_nocturnum,1
Epidendrum_radicans,1
Epidendrum_secundum,1
Euanthe_sanderiana,1
Eulophiella_roempleriana,1
Gongora_quinquenervis,1
Gongora_tricolor,1
Grammatophyllum_speciosus,1
Laelia_tenebrosa,1
Listera_convallarioides,1
Neobenthamia_gracilis,1
Notylia_barkeri,1
Notylia_pentachne,1
Oberonia_chandrasekharanii,1
Oncidium_excavatum,1
Oncidium_floridanum,1
Oncidium_sphacelatum,1
Otichilus_albus,1
Papilionanthe_hookeriana,1
Papilionanthe_teres,1
Phaius_tankervilliae,1
Phalaenopsis_lueddermanniana,1
Prosthechea_chacaoensis,1
Schomburgkia_tibicinis,1
Spathoglottis_plicata,1
Trichocentrum_lacerum,1
Trichoglottis_philappenense,1
Trichoglottis_rosea,1
Trigonidium_egertonianum,1
Vanda_merrillii,1
Vanda_rothschildiana,1
Vanda_tricolor,1
Vanilla_planifolia,1
Paeonia_albiflora,1
Paeonia_japonica,1
Paeonia_lactiflora,1
Paeonia_officinalis,1
Adenia_abyssinica,1
Adenia_acuminata,1
Adenia_antogillana,1
Adenia_apiculata,1
Adenia_australis,1
Adenia_buchanannii,1
Adenia_cissampeloides,1
Adenia_clementis,1
Adenia_cordifolia,1
Adenia_cordiphylla,1
Adenia_digitata,1
Adenia_gracilis,1
Adenia_heterophylla,1
Adenia_integrifolia,1
Adenia_lklaineana,1
Adenia_lobata,1
Adenia_macrophylla,1
Adenia_obtusa,1
Adenia_palmata,1
Adenia_paschathus,1
Adenia_penangiana,1
Adenia_perrieri,1
Adenia_populifolia,1
Adenia_refracta,1
Adenia_repanda,1
Adenia_stolzii,1
Adenia_tenuispira,1
Adenia_triloba,1
Adenia_trilobata,1
Adenia_venenata,1
Adenia_volkensii,1
Adenia_welwitschii,1
Barteria_solida,1
Basananthe_littoralis,1
Basananthe_zanaibaricum,1
Deidamia_bipinnata,1
Deidamia_commersoniana,1
Deidamia_neronhiana,1
Deidamia_setigera,1
Dilkea_wallisii,1
Erblichia_berneriana,1
Erblichia_capensis,1
Erblichia_xylocarpa,1
Mitostemma_glaziovii,1
Paropsia_edulis,1
Paropsia_humblotii,1
Paropsia_obscura,1
Paropsia_vareciformis,1
Paropsiopsis_africana,1
Paropsiopsis_ferruginea,1
Paropsiopsis_jollyana,1
Paropsiopsis_pulchra,1
Passiflora_actinia,1
Passiflora_acuminata,1
Passiflora_adenopoda,1
Passiflora_adulterina,1
Passiflora_alata,1
Passiflora_alba,1
Passiflora_allantophylla,1
Passiflora_alliacea,1
Passiflora_amabilis,1
Passiflora_amalocarpa,1
Passiflora_ambigua,1
Passiflora_amethystina,1
Passiflora_ampullacea,1
Passiflora_anastomosans,1
Passiflora_andersonii,1
Passiflora_andina,1
Passiflora_anfracta,1
Passiflora_angustifolia,1
Passiflora_antioquiensis,1
Passiflora_apoda,1
Passiflora_arborea,1
Passiflora_aristulata,1
Passiflora_aurantia,1
Passiflora_aurantoides,1
Passiflora_auriculata,1
Passiflora_bahamensis,1
Passiflora_bahiensis,1
Passiflora_bauhinifolia,1
Passiflora_bicuspidata,1
Passiflora_biflora,1
Passiflora_bogotensis,1
Passiflora_bracteosa,1
Passiflora_brasiliana,1
Passiflora_brevifila,1
Passiflora_bryonioides,1
Passiflora_bucaramangensis,1
Passiflora_buchtienii,1
Passiflora_caerulea,1
Passiflora_calcarata,1
Passiflora_callimorpha,1
Passiflora_campanulata,1
Passiflora_candida,1
Passiflora_candollei,1
Passiflora_canescens,1
Passiflora_capparidifolia,1
Passiflora_cardinalis,1
Passiflora_cauliflora,1
Passiflora_ceratocarpa,1
Passiflora_chocoriana,1
Passiflora_chrysophylla,1
Passiflora_cincinnata,1
Passiflora_cirrhipes,1
Passiflora_cirrrhiflora,1
Passiflora_citrifolia,1
Passiflora_clathrata,1
Passiflora_clypeophylla,1
Passiflora_coactilis,1
Passiflora_coccinea,1
Passiflora_cochchinensis,1
Passiflora_coerulea,1
Passiflora_colimensis,1
Passiflora_coriacea,1
Passiflora_cornuta,1
Passiflora_costata,1
Passiflora_crassifolia,1
Passiflora_cremastantha,1
Passiflora_cuatrecasasii,1
Passiflora_cubensis,1
Passiflora_cumbalensis,1
Passiflora_cupiformis,1
Passiflora_cuprea,1
Passiflora_cuspidifolia,1
Passiflora_cuzoensis,1
Passiflora_cyanea,1
Passiflora_dalechampioides,1
Passiflora_danielii,1
Passiflora_dasyadenia,1
Passiflora_dawei,1
Passiflora_deficiens,1
Passiflora_deidamioides,1
Passiflora_dioscoreafolia,1
Passiflora_dolichocarpa,1
Passiflora_eberhartii,1
Passiflora_edulis,1
Passiflora_eggersii,1
Passiflora_eichleriana,1
Passiflora_elegans,1
Passiflora_elliptica,1
Passiflora_emarginata,1
Passiflora_engleriana,1
Passiflora_eriocaula,1
Passiflora_ernesti,1
Passiflora_erythrophylla,1
Passiflora_eueidipabulum,1
Passiflora_exoperculata,1
Passiflora_exsudans,1
Passiflora_faroana,1
Passiflora_ferruginea,1
Passiflora_filamentosa,1
Passiflora_fimbriatistipula,1
Passiflora_flexipes,1
Passiflora_foetida,1
Passiflora_fructescens,1
Passiflora_fruticosa,1
Passiflora_fuchsiiflora,1
Passiflora_galbana,1
Passiflora_garckei,1
Passiflora_gardneri,1
Passiflora_giberti,1
Passiflora_gigantifolia,1
Passiflora_glabberima,1
Passiflora_gladulosa,1
Passiflora_gleasonii,1
Passiflora_gracilens,1
Passiflora_gracilis,1
Passiflora_gracillima,1
Passiflora_grandis,1
Passiflora_gritensis,1
Passiflora_guazumaefolia,1
Passiflora_guentheri,1
Passiflora_haematostigma,1
Passiflora_hastifolia,1
Passiflora_haughtii,1
Passiflora_helleri,1
Passiflora_henryi,1
Passiflora_herbertiana,1
Passiflora_heterohelix,1
Passiflora_hexagonocarpa,1
Passiflora_hispida,1
Passiflora_holosericia,1
Passiflora_holtii,1
Passiflora_hyacinthiflora,1
Passiflora_hypoglauca,1
Passiflora_hypoleuca,1
Passiflora_ichthyura,1
Passiflora_incarnata,1
Passiflora_insignis,1
Passiflora_ischnoclada,1
Passiflora_jamesoni,1
Passiflora_jileki,1
Passiflora_karwinskii,1
Passiflora_kermesina,1
Passiflora_kuranda,1
Passiflora_lanata,1
Passiflora_lancearia,1
Passiflora_lanceolata,1
Passiflora_lancifolia,1
Passiflora_laurifolia,1
Passiflora_lehmanii,1
Passiflora_leptoclada,1
Passiflora_leptomischa,1
Passiflora_leptopoda,1
Passiflora_leschenaultii,1
Passiflora_leutzelburgii,1
Passiflora_liebmannii,1
Passiflora_ligularis,1
Passiflora_ligulifolia,1
Passiflora_lindeniana,1
Passiflora_lobbii,1
Passiflora_lonchophora,1
Passiflora_longipes,1
Passiflora_longiracemosa,1
Passiflora_loretensis,1
Passiflora_loxensis,1
Passiflora_luetzelburgii,1
Passiflora_lunata,1
Passiflora_lyra,1
Passiflora_macdougaliana,1
Passiflora_macrochlamys,1
Passiflora_macrophylla,1
Passiflora_macropoda,1
Passiflora_maculata,1
Passiflora_magdalenae,1
Passiflora_malacophylla,1
Passiflora_maliformis,1
Passiflora_mandoni,1
Passiflora_manicata,1
Passiflora_mansii,1
Passiflora_mansoi,1
Passiflora_mapiriensis,1
Passiflora_matthewsii,1
Passiflora_melanoneura,1
Passiflora_mendoncaei,1
Passiflora_menispermacea,1
Passiflora_menispermifolia,1
Passiflora_mesadenia,1
Passiflora_mexicana,1
Passiflora_micranthra,1
Passiflora_micropetala,1
Passiflora_miersii,1
Passiflora_misera,1
Passiflora_mixta,1
Passiflora_mollis,1
Passiflora_mollissima,1
Passiflora_moluccana,1
Passiflora_moluccana,1
Passiflora_mooreana,1
Passiflora_morifolia,1
Passiflora_mucronata,1
Passiflora_multiflora,1
Passiflora_multiformis,1
Passiflora_mutisii,1
Passiflora_naviculata,1
Passiflora_nelsoni,1
Passiflora_nepalensis,1
Passiflora_nephrodes,1
Passiflora_nigradenia,1
Passiflora_nitida,1
Passiflora_oblongata,1
Passiflora_obovata,1
Passiflora_obtusiloba,1
Passiflora_ocanensis,1
Passiflora_odontophylla,1
Passiflora_oerstedii,1
Passiflora_orbiculata,1
Passiflora_organensis,1
Passiflora_ornithoura,1
Passiflora_ovata,1
Passiflora_pallens,1
Passiflora_palmeri,1
Passiflora_pamplonensis,1
Passiflora_panamensis,1
Passiflora_parritae,1
Passiflora_parviflora,1
Passiflora_pavonia,1
Passiflora_pectinata,1
Passiflora_pedata,1
Passiflora_pediculata,1
Passiflora_peduncularis,1
Passiflora_penduliflora,1
Passiflora_pennellii,1
Passiflora_pentagona,1
Passiflora_perfoliata,1
Passiflora_picturata,1
Passiflora_pilosa,1
Passiflora_pilosissima,1
Passiflora_pinnatistipula,1
Passiflora_pittieri,1
Passiflora_platyloba,1
Passiflora_podadenia,1
Passiflora_pohlii,1
Passiflora_porphyretica,1
Passiflora_praeacuta,1
Passiflora_prolata,1
Passiflora_psilantha,1
Passiflora_pubera,1
Passiflora_pulchella,1
Passiflora_purdiei,1
Passiflora_putumayensis,1
Passiflora_pyrrhantha,1
Passiflora_quadrangularis,1
Passiflora_quadriglandulosa,1
Passiflora_quelchii,1
Passiflora_quercetorum,1
Passiflora_quindiensis,1
Passiflora_racemosa,1
Passiflora_raddiana,1
Passiflora_raimondii,1
Passiflora_recurva,1
Passiflora_reflexiflora,1
Passiflora_resticulata,1
Passiflora_retipetala,1
Passiflora_rhamnifolia,1
Passiflora_rigidfolia,1
Passiflora_riparia,1
Passiflora_rojasii,1
Passiflora_roseorum,1
Passiflora_rotundifolia,1
Passiflora_rubra,1
Passiflora_rufostipulata,1
Passiflora_rugosa,1
Passiflora_schlimiana,1
Passiflora_schultzei,1
Passiflora_sclerophylla,1
Passiflora_seemanni,1
Passiflora_selenophylla,1
Passiflora_semiciliosa,1
Passiflora_serratifolia,1
Passiflora_serrato-digitata,1
Passiflora_serrulata,1
Passiflora_setacea,1
Passiflora_setulosa,1
Passiflora_sexflora,1
Passiflora_shaferi,1
Passiflora_siamica,1
Passiflora_sicyoides,1
Passiflora_sidaefolia,1
Passiflora_skiantha,1
Passiflora_smithii,1
Passiflora_sodiroi,1
Passiflora_speciosa,1
Passiflora_spectabilis,1
Passiflora_sphaerocarpa,1
Passiflora_spicata,1
Passiflora_spinosa,1
Passiflora_sprucei,1
Passiflora_standleyi,1
Passiflora_stellata,1
Passiflora_stenosepala,1
Passiflora_stipulata,1
Passiflora_suberosa,1
Passiflora_subpeltata,1
Passiflora_subrotunda,1
Passiflora_subulata,1
Passiflora_tacsonioides,1
Passiflora_talamancensis,1
Passiflora_tarapotina,1
Passiflora_tenuifila,1
Passiflora_tenuiloba,1
Passiflora_tessmannii,1
Passiflora_tilaefolia,1
Passiflora_tolimana,1
Passiflora_trianae,1
Passiflora_tricuspis,1
Passiflora_trifasciata,1
Passiflora_trifoliata,1
Passiflora_triloba,1
Passiflora_trinifolia,1
Passiflora_tripartita,1
Passiflora_trisecta,1
Passiflora_trisetosa,1
Passiflora_trisulcata,1
Passiflora_truncata,1
Passiflora_truxillensis,1
Passiflora_tryphostemmatoides,1
Passiflora_tuberosa,1
Passiflora_tucumanensis,1
Passiflora_tulae,1
Passiflora_umbilicata,1
Passiflora_urnaefolia,1
Passiflora_ursina,1
Passiflora_variolata,1
Passiflora_vellozii,1
Passiflora_venosa,1
Passiflora_vespertillo,1
Passiflora_vestita,1
Passiflora_villosa,1
Passiflora_violacea,1
Passiflora_viridiflora,1
Passiflora_vitifolia,1
Passiflora_walkeriae,1
Passiflora_warmingii,1
Passiflora_watsoniana,1
Passiflora_weberbaurei,1
Passiflora_williamsii,1
Passiflora_yucatensis,1
Passiflora_zamorana,1
Piriqueta_capensis,1
Piriqueta_madagascarensis,1
Piriqueta_selloi,1
Piriqueta_sidifolia,1
Piriqueta_suborbicularis,1
Piriqueta_taubatensis,1
Smethmannia_laevigata,1
Smethmannia_pubsences,1
Tetrapathaea_tetrandra,1
Tetrastylis_lobata,1
Tetrastylis_ovalis,1
Tricliceras_lobata,1
Turnera_annularis,1
Turnera_aromatica,1
Turnera_aurantiaca,1
Turnera_bahiensis,1
Turnera_branchetiana,1
Turnera_brasiliensis,1
Turnera_caerensis,1
Turnera_capitata,1
Turnera_concinna,1
Turnera_kuhlmanniana,1
Turnera_lacinata,1
Turnera_leutzelburgii,1
Turnera_panamensis,1
Turnera_rubrobracteata,1
Turnera_sancta,1
Turnera_stipularis,1
Turnera_subulata,1
Turnera_trinifolia,1
Turnera_ulmifolia,1
Sesamum_capense,1
Sesamum_grandiflorum,1
Sesamum_indicum,1
Sesamum_marlotti,1
Sesamum_orientale,1
Aporosa_aurea,1
Aporosa_chinensis,1
Aporosa_dioica,1
Aporosa_villosa,1
Aporosa_yunnanensis,1
Baccaurea_sumatrana,1
Glochidion_philippicum,1
Richeria_grandis,1
Petiveria_alliaceae,1
Picramnia_latifolia,1
Plumbago_capensis,1
Andropogon_fovolarus,1
Andropogon_gayanensis,1
Andropogon_insculptus,1
Andropogon_panormitanus,1
Andropogon_pertusus,1
Arundo_donax,1
Bambusa_moreheadiana,1
Eragrostis_major,1
Eragrostis_minor,1
Eragrostis_plumosa,1
Polygala_laureola,1
Securidaca_corymoides,1
Xanthophyllum_adenatum,1
Xanthophyllum_affine,1
Xanthophyllum_excelsium,1
Xanthophyllum_excelsum,1
Xanthophyllum_flavescens,1
Xanthophyllum_glandulosum,1
Xanthophyllum_longifolia,1
Xanthophyllum_macintyrii,1
Xanthophyllum_paniculatum,1
Xanthophyllum_siamensis,1
Xanthophyllum_sumatranum,1
Xanthophyllum_vitellinum,1
Xanthophyllum_yunnanensis,1
Coccoloba_barbadensis,1
Fallopia_baldschuanica,1
Fallopia_cilinodis,1
Fallopia_dentato-alata,1
Fallopia_dumetorum,1
Fallopia_elliptica,1
Fallopia_multiflora,1
Fallopia_sachaliensis,1
Fallopia_scandens,1
Muehlenbeckia_adpressa,1
Muehlenbeckia_platyclados,1
Muehlenbeckia_sagittifolia,1
Polygonum_convolvulus,1
Polygonum_cuspidatum,1
Reynoutria_japonica,1
Ardisia_pachyrrhachis,1
Elingamita_johnsonii,1
Rapanea_guianensis,1
Rapanea_lancifolia,1
Stylogyne_standleyi,1
Adenanthos_cygnorum,1
Leucadendron_laureolum,1
Leucospermum_conocarpodendron,1
Mimetes_fimbrifolius,1
Hydrastis_canadensis,1
Colubrina_nelsoni,1
Gouania_lupuloides,1
Rhizophora_stylosa,1
Prunus_americana,1
Prunus_arborea,1
Prunus_armeniaca,1
Prunus_avium,1
Prunus_buergeriana,1
Prunus_cerasifera,1
Prunus_cerasus,1
Prunus_chamaecerasus,1
Prunus_davidiana,1
Prunus_domestica,1
Prunus_donarium,1
Prunus_dulchis,1
Prunus_fasciculata,1
Prunus_fremontii,1
Prunus_glandulosa,1
Prunus_grisea,1
Prunus_hortulana,1
Prunus_ishidoyana,1
Prunus_japonica,1
Prunus_laurocerasus,1
Prunus_leveilleana,1
Prunus_maackii,1
Prunus_mandshurica,1
Prunus_marginata,1
Prunus_maximowiczii,1
Prunus_mume,1
Prunus_myrtifolia,1
Prunus_nana,1
Prunus_padus,1
Prunus_pendula,1
Prunus_pensylvanicum,1
Prunus_persica,1
Prunus_phaeostricta,1
Prunus_salicina,1
Prunus_sargentii,1
Prunus_sellowii,1
Prunus_serotina,1
Prunus_serulata,1
Prunus_sibirica,1
Prunus_spinosa,1
Prunus_stipulaceum,1
Prunus_takesimensis,1
Prunus_tomentosa,1
Prunus_topengii,1
Prunus_triloba,1
Prunus_turneriana,1
Prunus_virginiana,1
Prunus_yedoensis,1
Rosa_acicularis,1
Rosa_banksiae,1
Rosa_blanda,1
Rosa_bracteata,1
Rosa_chinensis,1
Rosa_multiflora,1
Rosa_setigera,1
Rosa_woodsii,1
Hamelia_patens,1
Morinda_citrifolia,1
Morinda_royoc,1
Tocoyena_brasiliensis,1
Tocoyena_formosa,1
Angostura_trifoliata,1
Euodia_lepta,1
Melicope_elleryana,1
Zanthoxylum_alatum,1
Zanthoxylum_alianthoides,1
Zanthoxylum_belizense,1
Zanthoxylum_bungei,1
Zanthoxylum_coreanum,1
Zanthoxylum_ochroxylum,1
Zanthoxylum_panamense,1
Zanthoxylum_piperitum,1
Zanthoxylum_planispinum,1
Zanthoxylum_pterota,1
Zanthoxylum_schinifolium,1
Zanthoxylum_setulosum,1
Ahernia_glandulosa,1
Banara_guianensis,1
Banara_ibamguensia,1
Banara_mexicana,1
Banara_mollis,1
Dovyalis_floribunda,1
Flacourtia_prunifolia,1
Hasseltia_floribunda,1
Hemiscolopia_trimera,1
Homalium_caryophyllaceum,1
Homalium_ceylanicum,1
Homalium_dictyoneurum,1
Homalium_longifolium,1
Idesia_polycarpa,1
Populus_alba,1
Populus_angulata,1
Populus_angustifolia,1
Populus_balsaminifera,1
Populus_canadensis,1
Populus_candicans,1
Populus_ciliata,1
Populus_davidiana,1
Populus_deltoides,1
Populus_euamericana,1
Populus_euphratica,1
Populus_fremontii,1
Populus_glandulosa,1
Populus_grandidentata,1
Populus_heterophylla,1
Populus_maximowiczii,1
Populus_monilifera,1
Populus_nigra,1
Populus_pruinosa,1
Populus_sieboldii,1
Populus_simonii,1
Populus_suaveolens,1
Populus_tomentiglandulosa,1
Populus_tremula,1
Populus_tremuloides,1
Populus_trichocarpa,1
Prockia_crucis,1
Salix_alba,1
Salix_amygdaloides,1
Salix_caroliniana,1
Salix_eleagnos,1
Salix_exigua,1
Salix_fragilis,1
Salix_lucida,1
Salix_petiolaris,1
Salix_rigida,1
Scolopia_macrophylla,1
Scolopia_spinosa,1
Xylosoma_suluense,1
Chimborazoa_lachnocarpa,1
Paullinia_pterocarpa,1
Paullinia_turbacensis,1
Pometia_tomentosa,1
Serjania_decapleuria,1
Xerospermum_laevigatum,1
Xerospermum_noronhianum,1
Darlingtonia_californica,1
Heliamphora_folliculata,1
Heliamphora_heterodoxa,1
Heliamphora_nutans,1
Ribes_rubrum,1
Melampyrum_americanum,1
Melampyrum_arvense,1
Melampyrum_barbatum,1
Melampyrum_nemorosum,1
Melampyrum_silvaticum,1
Paulownia_coreana,1
Paulownia_tomentosa,1
Penstemon_angustifolius,1
Uroskinnera_spectabilis,1
Ailanthus_altissima,1
Ailanthus_arvense,1
Ailanthus_barbatum,1
Ailanthus_glandulosa,1
Quassia_amara,1
Samadera_indica,1
Samadera_mekongensis,1
Simarouba_amara,1
Smilax_bracteata,1
Smilax_lunglingensis,1
Grabowskia_duplicata,1
Lycium_nodosus,1
Phrodus_microphyllus,1
Solanum_adherens,1
Solanum_cunninghamii,1
Solanum_dioicum,1
Solanum_nigrum,1
Solanum_quitoense,1
Solanum_rudepandum,1
Solanum_schlechtendaliamum,1
Solanum_stramonifolium,1
Solanum_tudununggae,1
Staphylea_ovalifolia,1
Stylidium_breviscapum,1
Cadellia_pentastylis,1
Thomandersia_anachoreta,1
Thomandersia_butayei,1
Thomandersia_congolana,1
Thomandersia_hensii,1
Thomandersia_laurentii,1
Thomandersia_laurifolia,1
Phaleria_grandiflora,1
Citharexylum_molle,1
Citharexylum_pentandrum,1
Citharexylum_quadrangulare,1
Citharexylum_solanaceum,1
Duranta_plumieri,1
Lippia_serotina,1
Petrea_volubilis,1
Priva_aspera,1
Stachytarpheta_mutabilis,1
Stachytarpheta_orubica,1
Aegiphila_lhotskyana,1
Cissus_microcarpa,1
Cissus_pseudosicyoides,1
Cissus_rhombifolia,1
Cissus_sicyoides,1
Leea_compactiflora,1
Leea_indica,1
Vitis_sycoides,1
Callisthene_fasciculata,1
Erisma_laurifolium,1
Qualea_dichotoma,1
Qualea_gestasiana,1
Qualea_glaziovii,1
Qualea_grandiflora,1
Qualea_laurifolia,1
Qualea_multiflora,1
Qualea_parviflora,1
Qualea_tricanthera,1
Vochysia_oppugnata,1
Hemerocallis_dumortieri,1
Hemerocallis_middendorfii,1
