Phy,Counts
Abarema auriculata,731
Abarema barbouriana,87
Abarema brachystachya,116
Abarema campestris,4915
Abarema cochleata,128
Abarema cochliocarpos,87
Abarema filamentosa,215
Abarema floribunda,872
Abarema jupunba,90
Abarema macradenia,102
Abarema piresii,99
Abarema turbinata,294
Abrus fruticulosus,523
Abrus precatorius,528
Acacia abyssinica,10687
Acacia acinacea,9629
Acacia acradenia,9638
Acacia acuminata,12660
Acacia adenocalyx,9631
Acacia adsurgens,9669
Acacia adunca,9710
Acacia alata,12308
Acacia alleniana,9633
Acacia alpina,11507
Acacia amoena,9855
Acacia ampliceps,9633
Acacia amythethophylla,9629
Acacia anceps,9869
Acacia ancistrocarpa,9632
Acacia aneura,9674
Acacia angustissima,9692
Acacia arenaria,10920
Acacia argyrodendron,9635
Acacia aroma,19106
Acacia aspera,11173
Acacia ataxacantha,9629
Acacia aulacocarpa,9629
Acacia auriculiformis,9635
Acacia bahiensis,9798
Acacia baileyana,9648
Acacia benthamii,9827
Acacia berlandieri,9785
Acacia bidentata,9948
Acacia biflora,9798
Acacia binervata,9628
Acacia binervia,9628
Acacia bivenosa,9628
Acacia blakei,9676
Acacia blakelyi,9644
Acacia bonariensis,10316
Acacia borleae,9629
Acacia brachybotrya,9635
Acacia brachystachya,9657
Acacia brassii,9687
Acacia brownii,9833
Acacia brumalis,9666
Acacia burkei,9658
Acacia buxifolia,9855
Acacia bynoeana,9628
Acacia caesia,9877
Acacia caffra,9885
Acacia calamifolia,9629
Acacia cambagei,9628
Acacia cana,15358
Acacia cangaiensis,9628
Acacia cardiophylla,9647
Acacia catechu,10239
Acacia catenulata,9674
Acacia caven,10070
Acacia celastrifolia,9631
Acacia chariessa,9637
Acacia chrysotricha,9666
Acacia chundra,9658
Acacia cincinnata,9726
Acacia citrinoviridis,9628
Acacia cochliacantha,9628
Acacia cognata,10415
Acacia colei,9643
Acacia colletioides,9628
Acacia collinsii,9664
Acacia complanata,9950
Acacia concurrens,9632
Acacia confusa,10104
Acacia constricta,9942
Acacia coriacea,10517
Acacia cornigera,9706
Acacia cowleana,9628
Acacia crassicarpa,9630
Acacia cultriformis,9633
Acacia cuthbertsonii,9630
Acacia cyclops,10784
Acacia cyperophylla,9628
Acacia dangarensis,9628
Acacia davyi,9655
Acacia dealbata,9724
Acacia deanei,9690
Acacia decora,9812
Acacia decurrens,9814
Acacia dictyophleba,9633
Acacia difficilis,9794
Acacia dimidiata,10004
Acacia dolichostachya,9640
Acacia doratoxylon,9637
Acacia doratoxylon,9637
Acacia drummondii,9913
Acacia dudgeoni,9629
Acacia dunnii,9837
Acacia ehrenbergiana,9642
Acacia elata,10656
Acacia elatior,10120
Acacia elongata,10872
Acacia eremaea,9640
Acacia ericifolia,9675
Acacia erinacea,9892
Acacia eriocarpa,9672
Acacia erubescens,9725
Acacia estrophiolata,9628
Acacia etbaica,9631
Acacia excelsa,10940
Acacia extensa,9986
Acacia exuvialis,9629
Acacia falcata,10237
Acacia falciformis,9809
Acacia farnesiana,9659
Acacia filicifolia,9654
Acacia filifolia,9711
Acacia fimbriata,10387
Acacia fleckii,9628
Acacia flexifolia,9629
Acacia floribunda,10408
Acacia fulva,10327
Acacia galpinii,9647
Acacia gaumeri,9693
Acacia genistifolia,9641
Acacia georginae,9636
Acacia gerrardii,9669
Acacia gittinsii,9630
Acacia gladiiformis,9629
Acacia glaucocarpa,9649
Acacia glaucoptera,9628
Acacia goetzei,9661
Acacia gonocarpa,9628
Acacia gourmaensis,9629
Acacia grandicornuta,9629
Acacia granitica,9638
Acacia greggii,9758
Acacia gummifera,9771
Acacia haematoxylon,9655
Acacia hakeoides,9629
Acacia harpophylla,9628
Acacia harveyi,10987
Acacia hastulata,9637
Acacia havilandiorum,9628
Acacia hebeclada,9641
Acacia hemsleyi,9637
Acacia hereroensis,9641
Acacia heterophylla,10538
Acacia hilliana,9631
Acacia hippuroides,9630
Acacia hockii,9631
Acacia holosericea,9673
Acacia horrida,9800
Acacia horrida,9800
Acacia horridula,9649
Acacia huegelii,9656
Acacia implexa,9663
Acacia intsia,9703
Acacia irrorata,9774
Acacia iteaphylla,9628
Acacia ixiophylla,9628
Acacia jacquemontii,9667
Acacia jonesii,9694
Acacia julifera,9631
Acacia juncifolia,9643
Acacia karroo,9787
Acacia kempeana,9628
Acacia kirkii,9807
Acacia koa,10217
Acacia koaia,9628
Acacia kraussiana,9672
Acacia lachnophylla,9628
Acacia latescens,9631
Acacia latifolia,12235
Acacia leiocalyx,9629
Acacia lenticularis,9815
Acacia leptocarpa,9652
Acacia leptoneura,9629
Acacia leucoclada,9649
Acacia leucophloea,9638
Acacia ligulata,9721
Acacia linarioides,9636
Acacia linearifolia,9701
Acacia lineata,10160
Acacia linifolia,9674
Acacia loderi,9628
Acacia longifolia,11415
Acacia longispicata,9634
Acacia longissima,9988
Acacia luederitzii,9631
Acacia lunata,10151
Acacia lysiphloia,9628
Acacia maconochieana,9629
Acacia macracantha,9694
Acacia macrostachya,9712
Acacia mangium,9676
Acacia martii,9774
Acacia mearnsii,9638
Acacia melanoxylon,9784
Acacia melleodora,9628
Acacia mellifera,17636
Acacia microbotrya,9628
Acacia mimula,9635
Acacia modesta,10459
Acacia monticola,10390
Acacia montigena,9638
Acacia mooreana,9642
Acacia mucronata,10335
Acacia multisiliqua,9628
Acacia mutabilis,10252
Acacia myrtifolia,9759
Acacia nanodealbata,9628
Acacia nebrownii,9629
Acacia negrii,9657
Acacia neriifolia,9815
Acacia nervosa,27217
Acacia neurocarpa,9634
Acacia nigrescens,10384
Acacia nigricans,11808
Acacia nilotica,10189
Acacia notabilis,9846
Acacia obliquinervea,9628
Acacia oerfota,9628
Acacia olgana,9628
Acacia omalophylla,9628
Acacia oncinocarpa,9628
Acacia oshanesii,9628
Acacia oswaldii,9628
Acacia oxycedrus,9785
Acacia papyrocarpa,9629
Acacia paradoxa,11016
Acacia parvipinnula,9628
Acacia patagiata,9632
Acacia pellita,9799
Acacia pendula,11220
Acacia pennata,9767
Acacia pennatula,9654
Acacia pentadenia,9631
Acacia pentagona,9809
Acacia permixta,9640
Acacia planifrons,9716
Acacia platycarpa,9695
Acacia plectocarpa,9629
Acacia podalyriifolia,9628
Acacia polyacantha,9673
Acacia polybotrya,9643
Acacia polystachya,10027
Acacia prasinata,9633
Acacia pravissima,9628
Acacia prominens,9661
Acacia pteridifolia,9636
Acacia pubescens,12184
Acacia pulchella,10203
Acacia pycnantha,9651
Acacia pyrifolia,10162
Acacia redolens,9686
Acacia reficiens,9629
Acacia rehmanniana,9633
Acacia restiacea,9628
Acacia retinodes,9630
Acacia richii,9653
Acacia rigens,9675
Acacia robusta,12762
Acacia rossei,9628
Acacia rostellifera,9628
Acacia rothii,9662
Acacia rovumae,9631
Acacia rubida,9748
Acacia rugata,9645
Acacia sakalava,9708
Acacia salicina,10069
Acacia saligna,10016
Acacia schaffneri,9652
Acacia schottii,9687
Acacia schweinfurthii,9974
Acacia sclerosperma,9642
Acacia senegal,20391
Acacia seyal,9809
Acacia shirleyi,9632
Acacia silvestris,13244
Acacia simsii,9717
Acacia sinuata,9776
Acacia sparsiflora,9644
Acacia spathulifolia,9635
Acacia spectabilis,10709
Acacia spinescens,9685
Acacia spinosissima,9698
Acacia squamata,15408
Acacia stenophylla,9785
Acacia stenoptera,9689
Acacia stipuligera,9628
Acacia stricta,10427
Acacia stuhlmannii,9701
Acacia suaveolens,10593
Acacia subcaerulea,9631
Acacia sulcata,10144
Acacia swazica,9630
Acacia teniana,9631
Acacia tenuispina,9648
Acacia tenuissima,9940
Acacia tephrina,9630
Acacia terminalis,11685
Acacia tetragonocarpa,9628
Acacia tetragonophylla,9628
Acacia thomsonii,9763
Acacia tomentosa,11822
Acacia tortilis,9678
Acacia torulosa,9748
Acacia trachycarpa,9638
Acacia trachyphloia,9631
Acacia translucens,9858
Acacia trineura,9633
Acacia triptera,9633
Acacia tumida,9980
Acacia ulicifolia,9630
Acacia umbellata,10428
Acacia uncifera,9637
Acacia urophylla,10356
Acacia velutina,10495
Acacia verniciflua,9832
Acacia verticillata,10782
Acacia vestita,9977
Acacia victoriae,9928
Acacia villosa,10876
Acacia visco,15325
Acacia volubilis,10294
Acacia welwitschii,9717
Acacia wilhelmiana,9629
Acacia willdenowiana,9630
Acacia xanthophloea,9635
Acacia yirrkallensis,9628
Acacia zanzibarica,9657
Acmispon americanus,3808
Acmispon brachycarpus,19
Acmispon maritimus,986
Acmispon parviflorus,116
Acmispon subpinnatus,13
Acmispon wrangelianus,10
Acosmium bijugum,45
Acosmium lentiscifolium,35
Acosmium nitens,982
Acosmium praeclarum,45
Acrocarpus fraxinifolius,50
Adenanthera aglaosperma,179
Adenanthera intermedia,4894
Adenocarpus complicatus,50
Adenocarpus decorticans,114
Adenocarpus foliolosus,43
Adenodolichos punctatus,3214
Adesmia bicolor,6569
Adesmia capitellata,138
Adesmia glomerula,142
Adesmia latifolia,2708
Adesmia muricata,1782
Adesmia punctata,2170
Adesmia retusa,519
Aeschynomene abyssinica,1367
Aeschynomene afraspera,302
Aeschynomene americana,32057
Aeschynomene aphylla,625
Aeschynomene aspera,1843
Aeschynomene bracteosa,452
Aeschynomene brasiliana,1271
Aeschynomene brevifolia,584
Aeschynomene ciliata,1473
Aeschynomene crassicaulis,351
Aeschynomene cristata,1252
Aeschynomene denticulata,688
Aeschynomene elaphroxylon,302
Aeschynomene evenia,304
Aeschynomene falcata,913
Aeschynomene filosa,1215
Aeschynomene fluitans,471
Aeschynomene fluminensis,868
Aeschynomene fulgida,424
Aeschynomene gazensis,309
Aeschynomene grandistipulata,307
Aeschynomene histrix,332
Aeschynomene indica,18021
Aeschynomene inyangensis,306
Aeschynomene lateritia,340
Aeschynomene laxiflora,564
Aeschynomene mediocris,353
Aeschynomene megalophylla,345
Aeschynomene mimosifolia,364
Aeschynomene minutiflora,421
Aeschynomene nilotica,1479
Aeschynomene nodulosa,362
Aeschynomene nyassana,305
Aeschynomene nyikensis,308
Aeschynomene paniculata,2990
Aeschynomene pfundii,302
Aeschynomene pratensis,1585
Aeschynomene rehmannii,344
Aeschynomene rudis,820
Aeschynomene scabra,1182
Aeschynomene schimperi,461
Aeschynomene schliebenii,361
Aeschynomene sensitiva,380
Aeschynomene tambacoundensis,302
Aeschynomene trigonocarpa,304
Aeschynomene uniflora,1025
Aeschynomene virginica,2232
Aeschynomene viscidula,319
Affonsea aptera,118
Affonsea bahiensis,173
Affonsea bullata,520
Afzelia rhomboidea,282
Aganope gabonica,79
Albizia acle,1330
Albizia adinocephala,1134
Albizia amara,10082
Albizia anthelmintica,1278
Albizia antunesiana,1134
Albizia brevifolia,1414
Albizia carbonaria,1404
Albizia chevalieri,1287
Albizia chinensis,10957
Albizia coriaria,1624
Albizia edwallii,1137
Albizia elegans,31649
Albizia forbesii,1312
Albizia guachapele,1145
Albizia gummifera,1254
Albizia harveyi,2487
Albizia inundata,1187
Albizia julibrissin,1203
Albizia kalkora,1137
Albizia lebbeck,1185
Albizia lebbekoides,1134
Albizia lucidior,1134
Albizia multiflora,2328
Albizia niopoides,1134
Albizia odoratissima,1267
Albizia pedicellaris,1158
Albizia petersiana,1167
Albizia polycephala,1159
Albizia procera,2578
Albizia retusa,1548
Albizia saponaria,1642
Albizia schimperiana,1180
Albizia subdimidiata,1135
Albizia suluensis,1147
Albizia tanganyicensis,1144
Albizia versicolor,4778
Albizia zimmermannii,1141
Aldina heterophylla,1857
Aldina latifolia,3559
Alexa grandiflora,17220
Alexa imperatricis,15367
Alexa wachenheimii,15368
Alhagi maurorum,350
Alhagi sparsifolia,340
Alistilus bechuanicus,4
Almaleea paludosa,409
Alysicarpus bupleurifolius,78
Alysicarpus glumaceus,78
Alysicarpus heterophyllus,1015
Alysicarpus longifolius,134
Alysicarpus ludens,928
Alysicarpus monilifer,90
Alysicarpus ovalifolius,83
Alysicarpus pubescens,2636
Alysicarpus rugosus,336
Alysicarpus scariosus,122
Alysicarpus tetragonolobus,514
Alysicarpus vaginalis,5287
Alysicarpus zeyheri,168
Amblygonocarpus andongensis,27
Amburana cearensis,222
Amicia medicaginea,73
Amicia micrantha,768
Amicia zygomeris,66
Ammopiptanthus mongolicus,237
Amorpha californica,3090
Amorpha canescens,1325
Amorpha fruticosa,1297
Amorpha glabra,2764
Amorpha herbacea,756
Amorpha nana,21462
Amphicarpaea bracteata,439
Amphithalea ericifolia,51
Amphithalea intermedia,4722
Anadenanthera colubrina,433
Anadenanthera peregrina,1948
Anagyris foetida,1526
Andira anthelmia,283
Andira coriacea,1146
Andira fraxinifolia,286
Andira frondosa,1019
Andira inermis,1781
Andira legalis,546
Andira micrantha,953
Andira nitida,1162
Andira parviflora,1455
Andira surinamensis,825
Andira unifoliolata,267
Anthonotha graciliflora,73
Anthyllis barba-jovis,11121
Anthyllis cornicina,165
Anthyllis cytisoides,167
Anthyllis henoniana,154
Anthyllis lotoides,196
Anthyllis montana,17154
Anthyllis vulneraria,167
Antopetitia abyssinica,1066
Aotus ericoides,905
Aotus lanigera,953
Aotus tietkensii,689
Apios americana,31810
Apios carnea,1015
Apuleia leiocarpa,138
Arachis batizocoi,5035
Arachis burkartii,5043
Arachis cardenasii,5056
Arachis diogoi,5034
Arachis duranensis,5034
Arachis glabrata,8700
Arachis helodes,5058
Arachis hypogaea,5117
Arachis marginata,6396
Arachis monticola,5791
Arachis pintoi,5075
Arachis prostrata,5505
Arachis pusilla,5869
Arachis stenosperma,5037
Arachis villosa,6284
Arachis villosulicarpa,5035
Archidendron bigeminum,206
Archidendron bubalinum,194
Archidendron clypearia,210
Archidendron ellipticum,269
Archidendron jiringa,239
Archidendron lucidum,3310
Archidendron scutiferum,195
Archidendron utile,1320
Archidendropsis basaltica,34
Archidendropsis thozetiana,21
Argyrolobium adscendens,217
Argyrolobium amplexicaule,152
Argyrolobium biebersteinii,117
Argyrolobium candicans,227
Argyrolobium collinum,78
Argyrolobium eylesii,40
Argyrolobium filiforme,230
Argyrolobium flaccidum,165
Argyrolobium harveyanum,37
Argyrolobium humile,427
Argyrolobium lanceolatum,382
Argyrolobium lancifolium,151
Argyrolobium lunare,137
Argyrolobium molle,2681
Argyrolobium patens,1524
Argyrolobium pauciflorum,131
Argyrolobium pumilum,213
Argyrolobium roseum,679
Argyrolobium rupestre,999
Argyrolobium sericeum,91
Argyrolobium speciosum,242
Argyrolobium stenophyllum,104
Argyrolobium stipulaceum,47
Argyrolobium tomentosum,340
Argyrolobium transvaalense,48
Argyrolobium tuberosum,6443
Argyrolobium uniflorum,341
Argyrolobium variopile,35
Argyrolobium zanonii,43
Aspalathus abietina,603
Aspalathus acicularis,435
Aspalathus acuminata,3371
Aspalathus albens,353
Aspalathus alopecurus,662
Aspalathus angustifolia,3931
Aspalathus araneosa,353
Aspalathus argyrophanes,329
Aspalathus aspalathoides,369
Aspalathus asparagoides,366
Aspalathus astroites,332
Aspalathus biflora,499
Aspalathus bodkinii,329
Aspalathus bracteata,744
Aspalathus capensis,2708
Aspalathus carnosa,461
Aspalathus cephalotes,642
Aspalathus chenopoda,333
Aspalathus chortophila,343
Aspalathus ciliaris,904
Aspalathus cinerascens,545
Aspalathus commutata,389
Aspalathus confusa,862
Aspalathus cordata,1866
Aspalathus crassisepala,335
Aspalathus crenata,1412
Aspalathus divaricata,1088
Aspalathus ericifolia,374
Aspalathus flexuosa,1200
Aspalathus forbesii,507
Aspalathus frankenioides,328
Aspalathus gerrardii,393
Aspalathus heterophylla,1242
Aspalathus hirta,1162
Aspalathus hispida,1668
Aspalathus hystrix,1295
Aspalathus inops,368
Aspalathus juniperina,358
Aspalathus lactea,646
Aspalathus laeta,784
Aspalathus laricifolia,340
Aspalathus linearis,974
Aspalathus linguiloba,328
Aspalathus longifolia,2193
Aspalathus longipes,1229
Aspalathus macrantha,498
Aspalathus microphylla,1019
Aspalathus muraltioides,328
Aspalathus nigra,10531
Aspalathus nivea,1484
Aspalathus opaca,623
Aspalathus pachyloba,340
Aspalathus pendula,1924
Aspalathus quinquefolia,403
Aspalathus recurva,423
Aspalathus retroflexa,352
Aspalathus rubens,15802
Aspalathus salteri,355
Aspalathus sericea,1159
Aspalathus setacea,447
Aspalathus spicata,1465
Aspalathus spinescens,385
Aspalathus spinosa,3444
Aspalathus spinosissima,398
Aspalathus stenophylla,496
Aspalathus teres,2080
Aspalathus ternata,678
Aspalathus tuberculata,1140
Aspalathus ulicina,340
Aspalathus uniflora,1055
Astracantha echinus,223
Astracantha gummifera,155
Astragalus aboriginum,3909
Astragalus adsurgens,3903
Astragalus aduncus,4112
Astragalus agrestis,4483
Astragalus algerianus,3896
Astragalus allochrous,3898
Astragalus alopecias,4123
Astragalus alopecuroides,4170
Astragalus alpinus,5348
Astragalus americanus,7694
Astragalus amherstianus,3896
Astragalus ammodytes,4309
Astragalus angustifolius,4751
Astragalus annularis,4332
Astragalus arenarius,4051
Astragalus argophyllus,3928
Astragalus armatus,4428
Astragalus asper,5372
Astragalus asymmetricus,3911
Astragalus atropilosulus,3896
Astragalus australis,11039
Astragalus austrosibiricus,3900
Astragalus beckwithii,3896
Astragalus bisulcatus,3902
Astragalus bodinii,3897
Astragalus boeticus,3925
Astragalus bolanderi,3938
Astragalus brachycarpus,3905
Astragalus brazoensis,3896
Astragalus callichrous,3898
Astragalus campylosema,3896
Astragalus canadensis,8471
Astragalus ceramicus,3924
Astragalus chamissonis,3975
Astragalus chinensis,13745
Astragalus chlorostachys,3917
Astragalus chrysopterus,3919
Astragalus cicer,7750
Astragalus complanatus,3950
Astragalus concretus,3916
Astragalus coquimbensis,3915
Astragalus corrugatus,3961
Astragalus crassicarpus,3896
Astragalus crenatus,3971
Astragalus cysticalyx,3896
Astragalus dahuricus,3924
Astragalus danicus,3927
Astragalus densiflorus,3966
Astragalus drummondii,4182
Astragalus echinatus,4029
Astragalus epiglottis,4621
Astragalus eucosmus,3898
Astragalus falcatus,4113
Astragalus falciformis,4079
Astragalus filicaulis,3923
Astragalus flexuosus,4197
Astragalus frigidus,3978
Astragalus galegiformis,3897
Astragalus gambelianus,3896
Astragalus geminiflorus,3898
Astragalus glaux,3937
Astragalus glycyphyllos,3896
Astragalus gombo,4023
Astragalus gracilis,10638
Astragalus graveolens,6172
Astragalus hamosus,3900
Astragalus himalayanus,3947
Astragalus hispidulus,3918
Astragalus hornii,3905
Astragalus humistratus,3897
Astragalus hypogaeus,3900
Astragalus hypoglottis,3896
Astragalus jaegerianus,3896
Astragalus karkarensis,3896
Astragalus kentrophyta,3896
Astragalus lasiophyllus,3897
Astragalus lehmannianus,3897
Astragalus lentiginosus,3966
Astragalus leontinus,3901
Astragalus leptocarpus,3905
Astragalus leucocephalus,4168
Astragalus lindheimeri,3945
Astragalus lonchocarpus,4296
Astragalus luristanicus,3899
Astragalus miniatus,3986
Astragalus miser,4537
Astragalus missouriensis,4008
Astragalus mollissimus,3902
Astragalus monspessulanus,3925
Astragalus neglectus,4268
Astragalus nothoxys,3896
Astragalus nuttallianus,3899
Astragalus nuttallii,4147
Astragalus odoratus,4195
Astragalus onobrychis,4323
Astragalus orbiculatus,4047
Astragalus oxyglottis,3896
Astragalus palmeri,6713
Astragalus pectinatus,4230
Astragalus pehuenches,3911
Astragalus pelecinus,3944
Astragalus podocarpus,4618
Astragalus politovii,3896
Astragalus ponticus,4191
Astragalus purshii,3918
Astragalus reflexistipulus,3896
Astragalus robbinsii,3905
Astragalus roemeri,3929
Astragalus rusbyi,3916
Astragalus saccocalyx,3921
Astragalus scaberrimus,3899
Astragalus sempervirens,4810
Astragalus sesameus,3896
Astragalus sikkimensis,4021
Astragalus siliquosus,3903
Astragalus sinicus,4179
Astragalus spatulatus,3907
Astragalus steinbergianus,3896
Astragalus stenoceras,3914
Astragalus stevenianus,3898
Astragalus stipulatus,3914
Astragalus subumbellatus,3897
Astragalus sulcatus,4181
Astragalus tenellus,4047
Astragalus tener,4921
Astragalus tenuifolius,3955
Astragalus tibetanus,3968
Astragalus tribuloides,3959
Astragalus trichocarpus,3919
Astragalus trichopodus,3974
Astragalus uliginosus,3953
Astragalus umbellatus,4099
Astragalus utahensis,4026
Astragalus vaginatus,3930
Astragalus vexilliflexus,3896
Astragalus whitneyi,3947
Astragalus wootonii,3896
Astragalus zingeri,3897
Ateleia apetala,254
Ateleia glazioveana,61
Ateleia gummifera,209
Ateleia ovata,1423
Baikiaea insignis,865
Baikiaea plurijuga,31
Balsamocarpon brevifolium,38
Baphia laurifolia,329
Baphia massaiensis,119
Baphia maxima,7617
Baphia pubescens,2671
Baphiopsis parviflora,1208
Baptisia alba,45693
Baptisia australis,7256
Baptisia bracteata,537
Baptisia perfoliata,305
Baptisia tinctoria,1139
Barbieria pinnata,2316
Batesia floribunda,786
Bauhinia acreana,1577
Bauhinia acuminata,4530
Bauhinia acuruana,1524
Bauhinia alata,4204
Bauhinia angulosa,1571
Bauhinia bauhinioides,1524
Bauhinia bidentata,1844
Bauhinia binata,1757
Bauhinia brachycarpa,1596
Bauhinia brevipes,1853
Bauhinia carronii,1527
Bauhinia championii,1553
Bauhinia conwayi,1528
Bauhinia corymbosa,1953
Bauhinia cunninghamii,1694
Bauhinia cupreonitens,1531
Bauhinia diphylla,1598
Bauhinia divaricata,2277
Bauhinia forficata,1538
Bauhinia galpinii,1545
Bauhinia glauca,4072
Bauhinia guianensis,2798
Bauhinia integrifolia,2217
Bauhinia kockiana,1525
Bauhinia kunthiana,1551
Bauhinia longicuspis,1570
Bauhinia longifolia,3382
Bauhinia malabarica,1769
Bauhinia microstachya,1539
Bauhinia monandra,1538
Bauhinia multinervia,1554
Bauhinia ornata,2426
Bauhinia pauletia,1524
Bauhinia pentandra,2031
Bauhinia petersiana,1553
Bauhinia picta,2574
Bauhinia pottsii,1537
Bauhinia pulchella,2102
Bauhinia purpurea,4921
Bauhinia racemosa,3377
Bauhinia reticulata,5424
Bauhinia rufa,2775
Bauhinia rufescens,2472
Bauhinia scandens,2199
Bauhinia tomentosa,3670
Bauhinia ungulata,1579
Bauhinia vahlii,1546
Bauhinia variegata,2695
Bergeronia sericea,832
Berlinia bracteosa,190
Berlinia craibiana,42
Berlinia grandiflora,1894
Bituminaria acaulis,320
Bituminaria bituminosa,111
Bobgunnia madagascariensis,934
Bocoa mollis,1060
Bolusanthus speciosus,518
Bolusia amboensis,10
Bolusia rhodesiana,7
Bossiaea aquifolium,286
Bossiaea bossiaeoides,32
Bossiaea buxifolia,260
Bossiaea cinerea,6273
Bossiaea dentata,935
Bossiaea ensata,101
Bossiaea eriocarpa,76
Bossiaea foliosa,218
Bossiaea heterophylla,946
Bossiaea linophylla,34
Bossiaea ornata,934
Bossiaea preissii,93
Bossiaea prostrata,506
Bossiaea pulchella,616
Bossiaea walkeri,281
Bossiaea webbii,48
Bowdichia nitida,995
Bowdichia virgilioides,91
Brachysema aphyllum,86
Brachysema sericeum,57
Brachystegia allenii,215
Brachystegia boehmii,175
Brachystegia bussei,667
Brachystegia cynometroides,168
Brachystegia floribunda,948
Brachystegia glaberrima,624
Brachystegia glaucescens,611
Brachystegia laurentii,547
Brachystegia manga,5027
Brachystegia microphylla,859
Brachystegia taxifolia,442
Brachystegia utilis,1514
Brachystegia wangermeeana,166
Brodriguesia santosii,20
Brownea ariza,8081
Brownea longipedicellata,111
Brya ebenus,166
Brya microphylla,797
Bryaspis lupulina,157
Butea monosperma,525
Cadia ellisiana,126
Cadia purpurea,3648
Caesalpinia angolensis,2271
Caesalpinia benthamiana,3565
Caesalpinia bonduc,1767
Caesalpinia cacalaco,1756
Caesalpinia crista,3132
Caesalpinia cucullata,2092
Caesalpinia decapetala,1762
Caesalpinia echinata,2204
Caesalpinia eriostachys,1758
Caesalpinia exostemma,1758
Caesalpinia ferrea,2173
Caesalpinia gilliesii,1789
Caesalpinia latisiliqua,1757
Caesalpinia leiostachya,1759
Caesalpinia mexicana,38938
Caesalpinia paraguariensis,2637
Caesalpinia pluviosa,1778
Caesalpinia pyramidalis,2034
Caesalpinia sappan,1859
Caesalpinia spinosa,4762
Cajanus acutifolius,2271
Cajanus cajan,2133
Cajanus goensis,2077
Cajanus heynei,2091
Cajanus lineatus,2997
Cajanus mollis,3122
Cajanus platycarpus,2074
Cajanus scarabaeoides,2107
Cajanus sericeus,2284
Calicotome infesta,48
Calicotome spinosa,3136
Callerya atropurpurea,296
Callerya cinerea,6286
Callerya megasperma,397
Callerya reticulata,3947
Callerya speciosa,2331
Calliandra bella,18580
Calliandra brevipes,819
Calliandra coriacea,1382
Calliandra cruegeri,494
Calliandra dysantha,487
Calliandra eriophylla,492
Calliandra erubescens,588
Calliandra foliolosa,533
Calliandra guildingii,505
Calliandra haematocephala,488
Calliandra haematomma,523
Calliandra harrisii,825
Calliandra houstoniana,487
Calliandra humilis,1423
Calliandra juzepczukii,497
Calliandra macrocalyx,585
Calliandra parviflora,1694
Calliandra parvifolia,827
Calliandra physocalyx,489
Calliandra pittieri,584
Calliandra rubescens,1042
Calliandra surinamensis,1053
Calliandra tergemina,504
Calliandra trinervia,596
Calophaca tianschanica,67
Calopogonium caeruleum,275
Calpocalyx dinklagei,59
Calpurnia aurea,4230
Calpurnia villosa,1374
Campsiandra comosa,293
Camptosema coriaceum,120
Camptosema pedicellatum,99
Camptosema rubicundum,30
Campylotropis macrocarpa,1158
Campylotropis meeboldii,48
Campylotropis speciosa,2342
Campylotropis stenocarpa,289
Canavalia africana,7902
Canavalia brasiliensis,8886
Canavalia cathartica,1014
Canavalia gladiata,885
Canavalia lineata,1359
Canavalia rosea,3746
Caragana ambigua,1318
Caragana arborescens,1629
Caragana aurantiaca,1422
Caragana brevispina,731
Caragana decorticans,772
Caragana erinacea,958
Caragana frutex,702
Caragana fruticosa,1865
Caragana korshinskii,707
Caragana leveillei,700
Caragana microphylla,1309
Caragana pleiophylla,697
Caragana polourensis,694
Caragana pruinosa,961
Caragana rosea,3622
Caragana sinica,136947
Caragana tragacanthoides,698
Caragana turkestanica,816
Caragana versicolor,4343
Caragana zahlbruckneri,708
Carmichaelia aligera,26
Carmichaelia angustata,225
Carmichaelia arborea,1529
Carmichaelia arenaria,1316
Carmichaelia exsul,106
Carmichaelia flagelliformis,54
Carmichaelia grandiflora,1883
Carmichaelia kirkii,205
Carmichaelia odorata,2033
Carmichaelia orbiculata,93
Carmichaelia ovata,1386
Carmichaelia petriei,36
Carmichaelia robusta,3165
Carmichaelia violacea,783
Carmichaelia virgata,538
Cassia abbreviata,9435
Cassia agnes,48464
Cassia bakeriana,9255
Cassia brewsteri,9247
Cassia circinnata,9249
Cassia cowanii,9284
Cassia desolata,9258
Cassia eremophila,9583
Cassia fastuosa,9287
Cassia ferruginea,10202
Cassia fistula,57658
Cassia grandis,16247
Cassia leiandra,9241
Cassia leptophylla,9320
Cassia marksiana,9241
Cassia moschata,10569
Cassia nemophila,9282
Cassia renigera,9253
Cassia roxburghii,10039
Cassia rubriflora,9298
Cassia spruceana,9296
Castanospermum australe,847
Cathormion umbellatum,171
Cedrelinga cateniformis,33
Cenostigma gardnerianum,111
Cenostigma macrophyllum,251
Cenostigma tocantinum,79
Centrolobium microchaete,62
Centrolobium paraense,2986
Centrolobium robustum,315
Centrolobium tomentosum,335
Centrosema acutifolium,223
Centrosema angustifolium,900
Centrosema arenarium,351
Centrosema bracteosum,173
Centrosema brasilianum,292
Centrosema dasyanthum,162
Centrosema haitiense,162
Centrosema macranthum,193
Centrosema macrocarpum,293
Centrosema molle,2802
Centrosema pascuorum,201
Centrosema plumieri,275
Centrosema pubescens,2652
Centrosema rotundifolium,264
Centrosema sagittatum,241
Centrosema schottii,218
Centrosema venosum,346
Centrosema vexillatum,159
Centrosema virginianum,260
Ceratonia siliqua,652
Cercis canadensis,4786
Cercis chingii,364
Cercis glabra,2728
Cercis racemosa,2184
Cercis siliquastrum,302
Chadsia grevei,42
Chaetocalyx latisiliqua,19
Chaetocalyx scandens,694
Chamaecrista absus,333
Chamaecrista adiantifolia,311
Chamaecrista apoucouita,303
Chamaecrista aspleniifolia,311
Chamaecrista biensis,303
Chamaecrista calycioides,303
Chamaecrista chamaecristoides,302
Chamaecrista ciliolata,331
Chamaecrista comosa,558
Chamaecrista conferta,478
Chamaecrista cytisoides,329
Chamaecrista decumbens,1150
Chamaecrista dentata,1202
Chamaecrista desvauxii,303
Chamaecrista diphylla,376
Chamaecrista duartei,308
Chamaecrista ensiformis,816
Chamaecrista fagonioides,302
Chamaecrista falcinella,318
Chamaecrista fallacina,309
Chamaecrista fasciculata,1295
Chamaecrista fenarolii,302
Chamaecrista flexuosa,1172
Chamaecrista geminata,670
Chamaecrista glandulosa,819
Chamaecrista gracilior,368
Chamaecrista hispidula,368
Chamaecrista isidorea,302
Chamaecrista katangensis,328
Chamaecrista kirkii,481
Chamaecrista kleinii,354
Chamaecrista kunthiana,329
Chamaecrista leschenaultiana,308
Chamaecrista lineata,832
Chamaecrista neesiana,349
Chamaecrista negrensis,317
Chamaecrista nictitans,387
Chamaecrista nomame,332
Chamaecrista orbiculata,370
Chamaecrista parva,2588
Chamaecrista pilosa,1498
Chamaecrista planaltoana,302
Chamaecrista polytricha,434
Chamaecrista pumila,1584
Chamaecrista ramosa,788
Chamaecrista repens,3750
Chamaecrista rotundifolia,1266
Chamaecrista serpens,863
Chamaecrista stricta,1104
Chamaecrista telfairiana,302
Chamaecrista viscosa,1170
Chamaecrista wittei,337
Chamaecrista xinguensis,318
Chamaecrista zambesica,304
Chesneya cuneata,480
Chesneya ternata,360
Chloroleucon dumosum,68
Chloroleucon foliolosum,61
Chloroleucon mangense,29
Chloroleucon tortum,99
Chorizema aciculare,16
Chorizema cordatum,228
Chorizema cytisoides,30
Chorizema diversifolium,18
Chorizema ericifolium,4
Chorizema parviflorum,134
Chorizema reticulatum,736
Christia obcordata,492
Cicer arietinum,3977
Cicer chorassanicum,3910
Cicer echinospermum,3915
Cicer pinnatifidum,3948
Cicer reticulatum,4615
Cladrastis platycarpa,101
Cladrastis sikokiana,54
Cladrastis wilsonii,249
Clathrotropis macrocarpa,1134
Clathrotropis nitida,927
Cleobulia multiflora,1201
Clianthus puniceus,93
Clitoria amazonum,829
Clitoria annua,3267
Clitoria arborea,2299
Clitoria australis,7939
Clitoria fairchildiana,797
Clitoria falcata,1408
Clitoria guianensis,2071
Clitoria javitensis,799
Clitoria laurifolia,1008
Clitoria mariana,102641
Clitoria sagotii,797
Clitoria ternatea,831
Codariocalyx gyroides,11
Codariocalyx motorius,13
Coelidium parvifolium,92
Cojoba arborea,1514
Collaea speciosa,2317
Cologania angustifolia,3613
Cologania broussonetii,34
Colutea arborescens,1000
Colutea cilicica,102
Colutea nepalensis,474
Colutea orientalis,7220
Colutea persica,2840
Colvillea racemosa,1921
Conzattia multiflora,1198
Copaifera baumiana,666
Copaifera duckei,745
Copaifera langsdorffii,768
Copaifera lucens,866
Copaifera multijuga,756
Copaifera officinalis,10858
Copaifera trapezifolia,666
Corallospartium crassicaule,15
Cordeauxia edulis,7764
Coronilla coronata,976
Coronilla juncea,4038
Coronilla minima,4952
Coronilla repanda,341
Coronilla scorpioides,367
Coronilla vaginalis,5452
Coronilla valentina,86201
Coursetia caribaea,711
Coursetia ferruginea,1001
Craibia brevicaudata,75
Cranocarpus martii,146
Cratylia argentea,784
Cratylia hypargyraea,97
Crotalaria abbreviata,1474
Crotalaria acicularis,1355
Crotalaria agatiflora,1248
Crotalaria alata,3927
Crotalaria albida,1716
Crotalaria alexandri,2196
Crotalaria angulata,2137
Crotalaria anisophylla,1266
Crotalaria anthyllopsis,1249
Crotalaria argyraea,1253
Crotalaria assamica,1458
Crotalaria atrorubens,1305
Crotalaria axillaris,1756
Crotalaria barkae,1267
Crotalaria barnabassii,1248
Crotalaria bequaertii,1281
Crotalaria bongensis,1251
Crotalaria brachycarpa,1321
Crotalaria bracteata,1665
Crotalaria brevidens,1354
Crotalaria breviflora,1373
Crotalaria brevis,5359
Crotalaria burhia,1248
Crotalaria burkeana,1259
Crotalaria calycina,1385
Crotalaria capensis,3628
Crotalaria caudata,2493
Crotalaria cephalotes,1562
Crotalaria chinensis,11103
Crotalaria chirindae,1248
Crotalaria cleomifolia,1248
Crotalaria collina,2276
Crotalaria colorata,1423
Crotalaria comosa,1504
Crotalaria cunninghamii,1416
Crotalaria cylindrostachys,1251
Crotalaria damarensis,1345
Crotalaria deserticola,1543
Crotalaria dissitiflora,1270
Crotalaria distans,1410
Crotalaria doidgeae,1250
Crotalaria dura,5588
Crotalaria eremicola,1259
Crotalaria excisa,1303
Crotalaria ferruginea,2218
Crotalaria filicaulis,1275
Crotalaria filipes,1302
Crotalaria flavicarinata,1248
Crotalaria gazensis,1256
Crotalaria glauca,3803
Crotalaria glaucoides,1275
Crotalaria globifera,1272
Crotalaria goreensis,1263
Crotalaria hainanensis,1664
Crotalaria heidmannii,1248
Crotalaria holosericea,1341
Crotalaria humifusa,1416
Crotalaria humilis,2184
Crotalaria hyssopifolia,1329
Crotalaria impressa,1727
Crotalaria incana,1931
Crotalaria insignis,2089
Crotalaria juncea,4778
Crotalaria kapiriensis,1249
Crotalaria kipandensis,1248
Crotalaria laburnifolia,1248
Crotalaria lachnocarpoides,1248
Crotalaria lachnophora,1248
Crotalaria lanceolata,3356
Crotalaria lasiocarpa,1426
Crotalaria leptostachya,1306
Crotalaria linifolia,1293
Crotalaria longirostrata,1268
Crotalaria longithyrsa,1250
Crotalaria maypurensis,1252
Crotalaria medicaginea,1249
Crotalaria meyerana,1248
Crotalaria micans,1503
Crotalaria microcarpa,1841
Crotalaria mitchellii,1311
Crotalaria monteiroi,1268
Crotalaria mysorensis,1293
Crotalaria nana,22412
Crotalaria natalitia,1255
Crotalaria nitens,2197
Crotalaria notonii,1248
Crotalaria novae-hollandiae,5430
Crotalaria obscura,3460
Crotalaria ochroleuca,1412
Crotalaria oocarpa,1386
Crotalaria orientalis,8427
Crotalaria orixensis,1249
Crotalaria pallida,3163
Crotalaria pallidicaulis,1249
Crotalaria paulina,27932
Crotalaria perrottetii,1274
Crotalaria phylicoides,1299
Crotalaria pilosa,2444
Crotalaria pisicarpa,1248
Crotalaria platysepala,1252
Crotalaria podocarpa,1340
Crotalaria polysperma,1282
Crotalaria prostrata,1721
Crotalaria pumila,2530
Crotalaria quinquefolia,1321
Crotalaria recta,1895
Crotalaria reptans,1665
Crotalaria retusa,1603
Crotalaria rhodesiae,1283
Crotalaria rogersii,1261
Crotalaria sagittalis,1314
Crotalaria saharae,1297
Crotalaria schinzii,1288
Crotalaria schlechteri,1313
Crotalaria senegalensis,3347
Crotalaria sessiliflora,1364
Crotalaria shirensis,1257
Crotalaria sparsifolia,1338
Crotalaria spartea,1256
Crotalaria sphaerocarpa,1400
Crotalaria spinosa,4363
Crotalaria steudneri,1274
Crotalaria stipularia,1249
Crotalaria stolzii,1261
Crotalaria subcapitata,1580
Crotalaria tetragona,1422
Crotalaria trichotoma,1400
Crotalaria trifoliastrum,1249
Crotalaria triquetra,1349
Crotalaria uncinella,1272
Crotalaria valetonii,1250
Crotalaria valida,1767
Crotalaria vallicola,1267
Crotalaria variegata,2673
Crotalaria vasculosa,1335
Crotalaria velutina,2118
Crotalaria verrucosa,2495
Crotalaria vestita,1597
Crotalaria virgulata,1309
Crotalaria vitellina,1290
Crotalaria xanthoclada,1256
Crudia amazonica,3444
Crudia aromatica,550
Crudia bracteata,455
Crudia oblonga,648
Crudia tomentosa,2235
Cryptosepalum maraviense,13
Cullen americanum,24039
Cullen corylifolium,22464
Cullen tomentosum,22768
Cyamopsis psoraloides,580
Cyamopsis serrata,3040
Cyamopsis tetragonoloba,600
Cyclolobium vecchii,5
Cyclopia buxifolia,679
Cyclopia dregeana,489
Cyclopia falcata,1065
Cyclopia galioides,478
Cyclopia genistoides,469
Cyclopia intermedia,5126
Cyclopia maculata,1949
Cyclopia meyeriana,514
Cyclopia montana,17456
Cyclopia plicata,1112
Cyclopia pubescens,3007
Cyclopia sessiliflora,573
Cylicodiscus gabunensis,53
Cymbosema roseum,654
Cynometra cauliflora,479
Cynometra hankei,217
Cynometra retusa,594
Cytisophyllum sessilifolium,12
Cytisus arboreus,679
Cytisus austriacus,460
Cytisus balansae,659
Cytisus borysthenicus,384
Cytisus decumbens,1223
Cytisus hirsutus,808
Cytisus multiflorus,474
Cytisus proliferus,426
Cytisus purpureus,1757
Cytisus ruthenicus,388
Cytisus scoparius,528
Cytisus striatus,1635
Cytisus supranubius,382
Cytisus villosus,1087
Dahlstedtia pinnata,2342
Dalbergia arbutifolia,1623
Dalbergia armata,2106
Dalbergia assamica,1775
Dalbergia balansae,1843
Dalbergia baronii,1586
Dalbergia benthamii,1759
Dalbergia boehmii,1573
Dalbergia brasiliensis,9639
Dalbergia candenatensis,1560
Dalbergia chapelieri,1578
Dalbergia cultrata,1573
Dalbergia decipularis,1560
Dalbergia dyeriana,1576
Dalbergia ecastaphyllum,1560
Dalbergia fischeri,3047
Dalbergia frutescens,3512
Dalbergia glaucescens,2006
Dalbergia hainanensis,1973
Dalbergia hancei,1594
Dalbergia horrida,1734
Dalbergia hortensis,2253
Dalbergia hupeana,1560
Dalbergia inundata,1616
Dalbergia lactea,1873
Dalbergia lanceolaria,1579
Dalbergia latifolia,4114
Dalbergia louvelii,1579
Dalbergia madagascariensis,2485
Dalbergia maritima,5752
Dalbergia martinii,1739
Dalbergia melanoxylon,1820
Dalbergia millettii,1563
Dalbergia miscolobium,1560
Dalbergia monetaria,2390
Dalbergia monticola,2318
Dalbergia nigra,11686
Dalbergia nitidula,1627
Dalbergia obovata,2192
Dalbergia obtusifolia,2141
Dalbergia odorifera,1663
Dalbergia oligophylla,1574
Dalbergia oliveri,4712
Dalbergia ovata,2919
Dalbergia pinnata,3871
Dalbergia purpurascens,1970
Dalbergia retusa,1960
Dalbergia riedelii,1580
Dalbergia riparia,2311
Dalbergia sericea,2386
Dalbergia sissoo,1588
Dalbergia spruceana,1612
Dalbergia stipulacea,1754
Dalbergia subcymosa,1561
Dalbergia trichocarpa,2242
Dalbergia tsoi,4978
Dalbergia villosa,2817
Dalea albiflora,475
Dalea aurea,4369
Dalea candida,45899
Dalea cliffortiana,217
Dalea compacta,1579
Dalea erythrorhiza,223
Dalea flavescens,2051
Dalea formosa,4761
Dalea frutescens,2170
Dalea leporina,342
Dalea lumholtzii,223
Dalea lutea,2810
Dalea mollis,1267
Dalea mollissima,845
Dalea multiflora,1411
Dalea phleoides,229
Dalea pogonathera,215
Dalea polygonoides,289
Dalea purpurea,3730
Dalea scandens,898
Dalea tenuis,1702
Dalea tomentosa,2413
Dalea villosa,1469
Dalea virgata,729
Dalea wrightii,574
Dalhousiea africana,7054
Daniellia alsteeniana,89
Daniellia oliveri,3198
Daniellia thurifera,226
Daviesia acicularis,144
Daviesia benthamii,237
Daviesia brevifolia,319
Daviesia buxifolia,265
Daviesia cordata,1574
Daviesia corymbosa,466
Daviesia decurrens,272
Daviesia flexuosa,909
Daviesia genistifolia,51
Daviesia hakeoides,39
Daviesia horrida,213
Daviesia leptophylla,130
Daviesia nudiflora,229
Daviesia pectinata,624
Daviesia teretifolia,65
Daviesia ulicifolia,40
Daviesia umbellulata,112
Decorsea schlechteri,67
Deguelia scandens,722
Delonix elata,1396
Dendrolobium dispermum,9
Dendrolobium triangulare,190
Dendrolobium umbellatum,173
Derris elliptica,1287
Derris marginata,1948
Derris microphylla,1279
Derris philippinensis,1024
Derris robusta,3717
Derris scandens,1217
Derris trifoliata,1294
Desmanthus illinoensis,253
Desmanthus leptolobus,98
Desmanthus velutinus,184
Desmanthus virgatus,310
Desmodiastrum belgaumense,1
Desmodium affine,19831
Desmodium axillare,843
Desmodium barbatum,840
Desmodium batocaulon,726
Desmodium brownii,930
Desmodium cajanifolium,723
Desmodium campylocaulon,723
Desmodium canadense,1035
Desmodium canescens,1761
Desmodium ciliare,837
Desmodium cinereum,994
Desmodium concinnum,756
Desmodium confertum,746
Desmodium cuneatum,783
Desmodium cuspidatum,1140
Desmodium dichotomum,759
Desmodium discolor,1532
Desmodium distortum,740
Desmodium dregeanum,728
Desmodium elegans,31240
Desmodium filiforme,917
Desmodium flagellare,734
Desmodium gangeticum,740
Desmodium glabrum,936
Desmodium glutinosum,783
Desmodium grahamii,803
Desmodium grandiflorum,2221
Desmodium heterocarpon,723
Desmodium heterophyllum,941
Desmodium hirtum,1064
Desmodium hookerianum,769
Desmodium illinoense,724
Desmodium infractum,725
Desmodium intortum,726
Desmodium jucundum,748
Desmodium laevigatum,836
Desmodium laxiflorum,746
Desmodium leiocarpum,733
Desmodium macrocarpum,867
Desmodium marilandicum,724
Desmodium microphyllum,970
Desmodium molliculum,723
Desmodium muelleri,1546
Desmodium multiflorum,2249
Desmodium nemorosum,730
Desmodium neomexicanum,728
Desmodium nicaraguense,745
Desmodium nudiflorum,755
Desmodium oojeinense,723
Desmodium paniculatum,1147
Desmodium pauciflorum,819
Desmodium procumbens,1900
Desmodium renifolium,723
Desmodium retinens,728
Desmodium rhytidophyllum,740
Desmodium rotundifolium,829
Desmodium rubrum,4837
Desmodium sandwicense,751
Desmodium scorpiurus,736
Desmodium sequax,753
Desmodium sessilifolium,734
Desmodium setigerum,789
Desmodium styracifolium,723
Desmodium tanganyikense,723
Desmodium tortuosum,861
Desmodium trichocaulon,724
Desmodium trichostachyum,723
Desmodium triflorum,759
Desmodium uncinatum,882
Desmodium varians,1152
Desmodium viridiflorum,746
Desmodium zonatum,763
Dewevrea bilabiata,16
Dialium englerianum,218
Dialium guianense,253
Dialium pachyphyllum,224
Dialium schlechteri,275
Dialium zenkeri,326
Dicerma biarticulatum,1
Dichilus lebeckioides,3
Dichilus pilosus,321
Dichilus strictus,157
Dichrostachys spicata,1266
Dicorynia guianensis,1288
Dicorynia paraensis,170
Dicymbe altsonii,28
Didelotia africana,7073
Dillwynia brunioides,20
Dillwynia cinerascens,231
Dillwynia divaricata,772
Dillwynia floribunda,797
Dillwynia glaberrima,470
Dillwynia hispida,1351
Dillwynia juniperina,39
Dillwynia ramosissima,393
Dillwynia retorta,84
Dillwynia uncinata,312
Dimorphandra campinarum,144
Dimorphandra caudata,1387
Dimorphandra coccinea,964
Dimorphandra conjugata,185
Dimorphandra davisii,175
Dimorphandra exaltata,328
Dimorphandra jorgei,144
Dimorphandra macrostachya,238
Dimorphandra mollis,1137
Dimorphandra parviflora,1350
Dimorphandra vernicosa,171
Dimorphandra wilsonii,337
Dinizia excelsa,1320
Dioclea bicolor,6683
Dioclea glabra,2674
Dioclea guianensis,1480
Dioclea macrocarpa,1329
Dioclea malacocarpa,210
Dioclea sericea,1039
Dioclea violacea,950
Dioclea virgata,707
Diphysa americana,31793
Diphysa carthagenensis,72
Diplotropis brasiliensis,8110
Diplotropis incexis,24
Diplotropis purpurea,3562
Diplotropis triloba,353
Dipogon lignosus,224
Dipteryx magnifica,865
Dipteryx odorata,2316
Dipteryx punctata,2428
Diptychandra aurantiaca,732
Discolobium leptophyllum,62
Distemonanthus benthamianus,51
Dolichopsis paraguariensis,892
Dolichos angustifolius,1472
Dolichos falciformis,799
Dolichos junghuhnianus,616
Dolichos kilimandscharicus,620
Dolichos linearis,1536
Dolichos oliveri,3787
Dolichos sericeus,832
Dolichos trilobus,675
Dolichos trinervatus,616
Dorycnium hirsutum,4339
Dorycnium pentaphyllum,471
Dorycnium rectum,28746
Dorycnium strictum,266
Droogmansia pteropus,784
Dumasia truncata,409
Dumasia villosa,1339
Dunbaria circinalis,133
Dunbaria nivea,1169
Dunbaria villosa,1268
Duparquetia orchidacea,26
Dussia martinicensis,69
Dysolobium apioides,4
Ebenopsis confinis,89
Ebenus pinnata,2386
Ebenus stellata,525
Elephantorrhiza burkei,86
Elephantorrhiza goetzei,88
Elephantorrhiza suffruticosa,507
Elizabetha bicolor,6620
Elizabetha coccinea,965
Elizabetha durissima,163
Elizabetha paraensis,291
Elizabetha princeps,1522
Elizabetha speciosa,2450
Eminia antennulifera,11
Entada abyssinica,1281
Entada arenaria,1527
Entada chrysostachys,238
Entada phaseoloides,322
Entada polystachya,631
Enterolobium contortisiliquum,308
Enterolobium cyclocarpum,309
Enterolobium ellipticum,388
Enterolobium gummiferum,339
Enterolobium maximum,104571
Enterolobium monjollo,307
Enterolobium schomburgkii,365
Eperua bijuga,142
Eperua duckeana,70
Eperua falcata,655
Eperua glabriflora,70
Eperua grandiflora,1908
Eperua rubiginosa,282
Eremosparton songoricum,24
Erichsenia uncinata,301
Eriosema affine,19213
Eriosema buchananii,202
Eriosema burkei,137
Eriosema chrysadenium,104
Eriosema cordatum,328
Eriosema crinitum,161
Eriosema ellipticifolium,106
Eriosema ellipticum,186
Eriosema englerianum,111
Eriosema heterophyllum,324
Eriosema jurionianum,104
Eriosema kraussianum,105
Eriosema lebrunii,129
Eriosema macrostipulum,104
Eriosema montanum,525
Eriosema nutans,1043
Eriosema pauciflorum,198
Eriosema pumilum,282
Eriosema ramosum,232
Eriosema rhodesicum,105
Eriosema rhynchosioides,105
Eriosema rufum,201
Eriosema salignum,110
Eriosema shirense,105
Eriosema simplicifolium,123
Eriosema squarrosum,208
Eriosema violaceum,1245
Erythrina abyssinica,2782
Erythrina americana,33497
Erythrina arborescens,2715
Erythrina barqueroana,1762
Erythrina berteroana,1795
Erythrina brucei,8827
Erythrina cochleata,1803
Erythrina corallodendron,1764
Erythrina costaricensis,2270
Erythrina crista-galli,23129
Erythrina edulis,9499
Erythrina excelsa,3069
Erythrina falcata,2360
Erythrina folkersii,1762
Erythrina fusca,3764
Erythrina herbacea,2221
Erythrina hondurensis,1948
Erythrina horrida,1938
Erythrina humeana,1782
Erythrina lanata,3147
Erythrina lanceolata,3874
Erythrina latissima,2085
Erythrina livingstoniana,1764
Erythrina lysistemon,1764
Erythrina mitis,2845
Erythrina pallida,3731
Erythrina poeppigiana,1784
Erythrina rubrinervia,1763
Erythrina sandwicensis,1799
Erythrina speciosa,4036
Erythrina stricta,2547
Erythrina suberosa,1915
Erythrina subumbrans,1764
Erythrina variegata,3046
Erythrina velutina,2503
Erythrina verna,5470
Erythrina vespertilio,1924
Erythrina zeyheri,1849
Erythrophleum africanum,763
Erythrophleum lasianthum,207
Etaballia dubia,1413
Euchilopsis linearis,920
Euchresta japonica,48401
Eutaxia densifolia,35
Eutaxia microphylla,701
Eutaxia obovata,640
Eutaxia virgata,521
Exostyles venusta,273
Fagelia bituminosa,92
Faidherbia albida,478
Falcataria moluccana,545
Flemingia chappar,207
Flemingia grahamiana,205
Flemingia lineata,733
Flemingia macrophylla,1984
Flemingia procumbens,1377
Flemingia strobilifera,211
Galactia canescens,1088
Galactia crassifolia,606
Galactia dubia,1460
Galactia jussiaeana,49
Galactia latisiliqua,61
Galactia megalophylla,92
Galactia neesii,82
Galactia regularis,391
Galactia rubra,4013
Galactia spiciformis,104
Galactia striata,2388
Galactia tenuiflora,334
Galega officinalis,12809
Galega orientalis,9733
Gastrolobium bilobum,37
Gastrolobium crassifolium,136
Gastrolobium parviflorum,156
Gastrolobium spinosum,515
Gastrolobium trilobum,89
Gastrolobium velutinum,132
Gastrolobium villosum,432
Geissaspis cristata,952
Genista anglica,1399
Genista canariensis,958
Genista cinerea,6567
Genista falcata,945
Genista ferox,1012
Genista florida,69018
Genista germanica,5551
Genista hispanica,3335
Genista linifolia,375
Genista microcephala,430
Genista monspessulana,350
Genista numidica,381
Genista pilosa,1526
Genista radiata,7663
Genista sagittalis,398
Genista stenopetala,558
Genista tenera,697
Genista tinctoria,1348
Genista tricuspidata,716
Gilbertiodendron mayombense,66
Gleditsia amorphoides,416
Gleditsia australis,7584
Gleditsia fera,2215
Gleditsia japonica,48741
Gleditsia macracantha,476
Gleditsia triacanthos,419
Gliricidia sepium,757
Glycine canescens,31557
Glycine clandestina,30787
Glycine falcata,31148
Glycine max,217962
Glycine microphylla,31225
Glycine tabacina,30691
Glycine tomentella,30683
Glycyrrhiza acanthocarpa,2029
Glycyrrhiza echinata,2538
Glycyrrhiza glabra,3536
Glycyrrhiza korshinskyi,2033
Glycyrrhiza lepidota,2088
Glycyrrhiza pallidiflora,2046
Glycyrrhiza uralensis,2172
Gompholobium confertum,36
Gompholobium grandiflorum,1511
Gompholobium huegelii,41
Gompholobium knightianum,13
Gompholobium latifolium,626
Gompholobium marginatum,470
Gompholobium minus,5536
Gompholobium pinnatum,379
Gompholobium polymorphum,106
Gompholobium scabrum,205
Gompholobium subulatum,146
Gompholobium tomentosum,318
Gompholobium venustum,81
Gompholobium virgatum,670
Goniorrhachis marginata,1364
Goodia lotifolia,3
Gossweilerodendron balsamiferum,9
Gueldenstaedtia stenophylla,186
Gueldenstaedtia verna,3729
Guibourtia chodatiana,73
Guibourtia coleosperma,73
Guibourtia conjugata,113
Gymnocladus chinensis,9927
Gymnocladus dioica,1905
Haematoxylum campechianum,50
Halimodendron halodendron,47
Hardenbergia comptoniana,20
Hardenbergia violacea,768
Harleyodendron unifoliolatum,15
Harpalyce cubensis,677
Harpalyce macrocarpa,1156
Havardia albicans,19872
Havardia mexicana,37226
Havardia pallens,630
Hebestigma cubense,534
Hedysarum aculeolatum,447
Hedysarum alpinum,730
Hedysarum boreale,736
Hedysarum carnosum,508
Hedysarum caucasicum,546
Hedysarum coronarium,743
Hedysarum ferganense,450
Hedysarum flexuosum,528
Hedysarum fruticosum,547
Hedysarum hedysaroides,452
Hedysarum iomuticum,447
Hedysarum naudinianum,447
Hedysarum occidentale,7152
Hedysarum pallidum,3373
Hedysarum polybotrys,448
Hedysarum spinosissimum,454
Hedysarum vicioides,450
Hesperolaburnum platycarpum,136
Heterostemon ellipticus,156
Heterostemon mimosoides,515
Hippocrepis areolata,89
Hippocrepis comosa,132
Hippocrepis emerus,432
Hippocrepis minor,952
Hippocrepis multisiliquosa,1399
Hippocrepis unisiliquosa,958
Hoffmannseggia glauca,6567
Hoffmannseggia microphylla,945
Hoita macrostachya,1012
Hoita orbicularis,69018
Hovea acutifolia,5551
Hovea elliptica,3335
Hovea linearis,375
Hovea longifolia,430
Hovea pungens,350
Hovea trisperma,381
Humboldtia laurifolia,1526
Humularia welwitschii,7663
Hydrochorea corymbosa,398
Hydrochorea gonggrijpii,558
Hydrochorea marginata,697
Hylodendron gabunense,1348
Hylodesmum podocarpum,716
Hylodesmum repandum,66
Hymenaea aurea,416
Hymenaea courbaril,7584
Hymenaea eriogyne,2215
Hymenaea intermedia,48741
Hymenaea martiana,476
Hymenaea parvifolia,419
Hymenaea reticulata,757
Hymenaea rubriflora,31557
Hymenaea stigonocarpa,30787
Hymenaea verrucosa,31148
Hymenocarpos circinnatus,217962
Hymenolobium alagoanum,31225
Hymenolobium excelsum,30691
Hymenolobium flavum,30683
Hymenolobium heterocarpum,2029
Hymenolobium janeirense,2538
Hymenolobium modestum,3536
Hymenolobium nitidum,2033
Hymenolobium petraeum,2088
Hymenolobium sericeum,2046
Hymenostegia afzelii,2172
Hypocalyptus coluteoides,36
Hypocalyptus oxalidifolius,1511
Hypocalyptus sophoroides,41
Indigastrum argyroides,13
Indigastrum burkeanum,626
Indigastrum costatum,470
Indigastrum parviflorum,5536
Indigofera adenocarpa,379
Indigofera adenoides,106
Indigofera alopecuroides,205
Indigofera alpina,146
Indigofera alternans,318
Indigofera amblyantha,81
Indigofera angustata,670
Indigofera angustifolia,1364
Indigofera antunesiana,3
Indigofera arenophila,9
Indigofera argentea,186
Indigofera arrecta,3729
Indigofera asperifolia,73
Indigofera astragalina,73
Indigofera atropurpurea,113
Indigofera auricoma,9927
Indigofera australis,1905
Indigofera bainesii,50
Indigofera brachynema,47
Indigofera brachystachya,20
Indigofera brevidens,768
Indigofera bungeana,15
Indigofera burchellii,677
Indigofera candicans,1156
Indigofera capillaris,19872
Indigofera caroliniana,37226
Indigofera cassioides,630
Indigofera cecilii,534
Indigofera chuniana,447
Indigofera circinella,730
Indigofera circinnata,736
Indigofera comosa,508
Indigofera confusa,546
Indigofera cordifolia,743
Indigofera cryptantha,450
Indigofera cuneata,528
Indigofera cuneifolia,547
Indigofera cylindracea,452
Indigofera cylindrica,447
Indigofera cytisoides,447
Indigofera daleoides,7152
Indigofera decora,3373
Indigofera delagoaensis,448
Indigofera demissa,454
Indigofera denudata,450
Indigofera digitata,2227
Indigofera dimidiata,1460
Indigofera dosua,1082
Indigofera dregeana,1121
Indigofera dyeri,1106
Indigofera egens,1097
Indigofera emarginella,1087
Indigofera eriocarpa,1126
Indigofera erythrogramma,1154
Indigofera evansiana,1110
Indigofera eylesiana,1082
Indigofera fanshawei,1090
Indigofera filicaulis,1107
Indigofera filifolia,1162
Indigofera filiformis,1656
Indigofera filipes,1137
Indigofera flabellata,1187
Indigofera flavicans,1241
Indigofera foliosa,1268
Indigofera fortunei,1925
Indigofera frutescens,3040
Indigofera fulvopilosa,1082
Indigofera gairdnerae,1082
Indigofera galegoides,1083
Indigofera garckeana,1124
Indigofera glandulosa,1598
Indigofera glaucescens,1529
Indigofera glomerata,2892
Indigofera griseoides,1082
Indigofera hamiltonii,1313
Indigofera hebepetala,1082
Indigofera hedyantha,1082
Indigofera hendecaphylla,1082
Indigofera heterophylla,1997
Indigofera heterotricha,1114
Indigofera hewittii,1083
Indigofera hilaris,1590
Indigofera himalayensis,1230
Indigofera hirsuta,2105
Indigofera hispida,2422
Indigofera holubii,1082
Indigofera humifusa,1250
Indigofera incana,1788
Indigofera ingrata,1096
Indigofera inhambanensis,1086
Indigofera kirilowii,1297
Indigofera langebergensis,1083
Indigofera lespedezioides,1082
Indigofera linifolia,1125
Indigofera litoralis,1606
Indigofera livingstoniana,1088
Indigofera longibarbata,1084
Indigofera lupatana,1082
Indigofera lyallii,1137
Indigofera maritima,5284
Indigofera mauritanica,1240
Indigofera melanadenia,1083
Indigofera meyeriana,1145
Indigofera microcarpa,1671
Indigofera mimosoides,1138
Indigofera miniata,1316
Indigofera mollicoma,1089
Indigofera monantha,1111
Indigofera nigromontana,1082
Indigofera nummulariifolia,1087
Indigofera oblongifolia,1349
Indigofera ormocarpoides,1083
Indigofera ovata,2443
Indigofera oxalidea,1083
Indigofera oxytropis,1481
Indigofera podophylla,1103
Indigofera poliotes,1082
Indigofera pongolana,1082
Indigofera porrecta,1114
Indigofera pratensis,2365
Indigofera praticola,1140
Indigofera procumbens,2259
Indigofera prostrata,1556
Indigofera pseudotinctoria,1082
Indigofera psoraloides,1085
Indigofera pulchra,1721
Indigofera rautanenii,1111
Indigofera reducta,1168
Indigofera reticulata,4985
Indigofera rhynchocarpa,1090
Indigofera rhytidocarpa,1089
Indigofera ripae,1104
Indigofera rostrata,2154
Indigofera sanguinea,1724
Indigofera schimperi,1241
Indigofera schinzii,1122
Indigofera senegalensis,3183
Indigofera sessiliflora,1203
Indigofera sessilifolia,1216
Indigofera setiflora,1085
Indigofera sordida,1421
Indigofera sphaerocarpa,1235
Indigofera spicata,2194
Indigofera stenophylla,1250
Indigofera stricta,1885
Indigofera strobilifera,1103
Indigofera subcorymbosa,1084
Indigofera subulifera,1087
Indigofera suffruticosa,1489
Indigofera sulcata,1600
Indigofera swaziensis,1087
Indigofera tenuis,2568
Indigofera tenuissima,1396
Indigofera tinctoria,2002
Indigofera tomentosa,3279
Indigofera torulosa,1203
Indigofera tristis,1802
Indigofera tristoides,1082
Indigofera velutina,1952
Indigofera vicioides,1084
Indigofera viscidissima,1082
Indigofera wildiana,1093
Indigofera williamsonii,1093
Indigofera woodii,1294
Indigofera zeyheri,1172
Indigofera zollingeriana,1098
Indopiptadenia oudhensis,11
Inga acreana,22114
Inga acrocephala,22064
Inga acuminata,25109
Inga alba,67629
Inga altissima,23093
Inga bahiensis,22233
Inga blanchetiana,22121
Inga brachystachya,22094
Inga calantha,22081
Inga capitata,25284
Inga cayennensis,22195
Inga chocoensis,22112
Inga cinnamomea,22557
Inga codonantha,22064
Inga cordatoalata,22063
Inga cordistipula,22066
Inga densiflora,23069
Inga disticha,22267
Inga duckei,22165
Inga edulis,29753
Inga fanchoniana,22063
Inga fastuosa,22113
Inga graciliflora,22095
Inga gracilifolia,22065
Inga hayesii,22071
Inga heterophylla,22976
Inga hispida,23402
Inga huberi,22153
Inga ingoides,22063
Inga jinicuil,22066
Inga lateriflora,22154
Inga laurina,22315
Inga leiocalycina,22067
Inga lentiscifolia,22066
Inga longiflora,22312
Inga luschnathiana,22074
Inga macrophylla,23898
Inga maritima,26264
Inga microcalyx,22083
Inga mortoniana,22070
Inga nobilis,24296
Inga nuda,22609
Inga obidensis,22069
Inga oerstediana,22091
Inga panurensis,22084
Inga paraensis,22207
Inga paterno,23872
Inga pavoniana,22065
Inga pezizifera,22063
Inga pilosula,22323
Inga punctata,24122
Inga rubiginosa,22291
Inga sertulifera,22063
Inga sessilis,22329
Inga spectabilis,23143
Inga splendens,23562
Inga stipularis,22127
Inga thibaudiana,22063
Inga tonduzii,22087
Inga umbellifera,22086
Inga uraguensis,22063
Inga velutina,22931
Inga vera,139838
Inga vulpina,22137
Inocarpus fagifer,26
Intsia palembanica,88
Isoberlinia angolensis,550
Isotropis atropurpurea,266
Isotropis cuneifolia,164
Isotropis juncea,3828
Jacksonia capitata,3240
Jacksonia dilatata,240
Jacksonia floribunda,803
Jacksonia furcellata,82
Jacksonia hakeoides,19
Jacksonia horrida,193
Jacksonia scoparia,813
Jacksonia sericea,848
Jacksonia spinosa,3135
Jacksonia sternbergiana,22
Julbernardia globiflora,45
Julbernardia paniculata,2723
Kebirita roudairei,0
Kennedia beckxiana,16
Kennedia carinata,887
Kennedia coccinea,833
Kennedia eximia,174
Kennedia glabrata,3710
Kennedia nigricans,2197
Kennedia prorepens,21
Kennedia prostrata,486
Kennedia rubicunda,109
Kennedia stirlingii,18
Koompassia malaccensis,481
Kotschya capitulifera,21
Kotschya scaberrima,42
Kotschya speciosa,2325
Kotschya strigosa,329
Kotschya strobilantha,21
Kotschya thymodora,19
Kummerowia stipulacea,229
Kummerowia striata,2366
Lablab purpureus,1714
Laburnum alpinum,424
Laburnum anagyroides,149
Lamprolobium fruticosum,108
Lathyrus angulatus,1776
Lathyrus annuus,5525
Lathyrus aphaca,1472
Lathyrus brachycalyx,1489
Lathyrus cicera,1923
Lathyrus clymenum,1471
Lathyrus davidii,1802
Lathyrus emodi,1983
Lathyrus eucosmus,1474
Lathyrus graminifolius,1485
Lathyrus hirsutus,1898
Lathyrus humilis,2406
Lathyrus inconspicuus,1488
Lathyrus japonicus,9662
Lathyrus jepsonii,1479
Lathyrus komarovii,1586
Lathyrus lanszwertii,1471
Lathyrus latifolius,1620
Lathyrus leptophyllus,1482
Lathyrus linifolius,1479
Lathyrus littoralis,3955
Lathyrus magellanicus,2123
Lathyrus marmoratus,2533
Lathyrus nevadensis,1663
Lathyrus niger,30345
Lathyrus nissolia,1481
Lathyrus numidicus,1513
Lathyrus ochroleucus,1487
Lathyrus ochrus,1473
Lathyrus odoratus,1630
Lathyrus palustris,4116
Lathyrus pisiformis,1629
Lathyrus polymorphus,1667
Lathyrus pratensis,2732
Lathyrus pseudocicera,1471
Lathyrus pusillus,2221
Lathyrus sativus,8447
Lathyrus sphaericus,2561
Lathyrus sylvestris,6959
Lathyrus tingitanus,1485
Lathyrus tuberosus,2475
Lathyrus venosus,2912
Lathyrus vernus,1642
Latrobea hirtella,158
Lebeckia ambigua,646
Lebeckia cinerea,6266
Lebeckia cytisoides,53
Lebeckia gracilis,6768
Lebeckia halenbergensis,26
Lebeckia linearifolia,100
Lebeckia meyeriana,88
Lebeckia multiflora,1222
Lebeckia pauciflora,320
Lebeckia plukenetiana,25
Lebeckia pungens,524
Lebeckia sepiaria,76
Lebeckia sericea,857
Lebeckia simsiana,27
Lebeckia spinescens,82
Lebeckia wrightii,383
Lecointea amazonica,3421
Lens culinaris,96100
Lens ervoides,96084
Lens nigricans,98261
Leptoderris nobilis,2248
Leptosema chambersii,5
Lespedeza angustifolia,4228
Lespedeza bicolor,7050
Lespedeza buergeri,679
Lespedeza capitata,3832
Lespedeza caraganae,646
Lespedeza chinensis,10484
Lespedeza cyrtobotrya,627
Lespedeza davidii,955
Lespedeza floribunda,1409
Lespedeza hirta,1455
Lespedeza homoloba,626
Lespedeza inschanica,627
Lespedeza intermedia,5343
Lespedeza japonica,48992
Lespedeza juncea,4434
Lespedeza leptostachya,684
Lespedeza maximowiczii,795
Lespedeza melanantha,628
Lespedeza pilosa,1822
Lespedeza procumbens,1802
Lespedeza pubescens,3185
Lespedeza repens,4075
Lespedeza stuevei,626
Lespedeza thunbergii,1594
Lespedeza tomentosa,2821
Lespedeza violacea,1385
Lespedeza virgata,1134
Lespedeza virginica,2566
Lessertia affinis,2797
Lessertia annularis,474
Lessertia benguellensis,43
Lessertia brachypus,82
Lessertia brachystachya,68
Lessertia capitata,3260
Lessertia depressa,443
Lessertia diffusa,1201
Lessertia emarginata,629
Lessertia excisa,92
Lessertia falciformis,220
Lessertia harveyana,62
Lessertia herbacea,504
Lessertia incana,743
Lessertia inflata,557
Lessertia macrostachya,135
Lessertia pauciflora,333
Lessertia perennans,81
Lessertia rigida,964
Lessertia spinescens,94
Lessertia stenoloba,63
Lessertia stricta,840
Lessertia thodei,39
Lessertia tomentosa,2235
Leucaena collinsii,1946
Leucaena cuspidata,2491
Leucaena diversifolia,2736
Leucaena esculenta,7302
Leucaena greggii,2043
Leucaena involucrata,2315
Leucaena lanceolata,4024
Leucaena lempirana,1913
Leucaena leucocephala,2130
Leucaena macrophylla,3742
Leucaena magnifica,2409
Leucaena multicapitula,1913
Leucaena pulverulenta,2008
Leucaena retusa,2322
Leucaena salvadorensis,1945
Leucaena shannonii,1914
Leucaena trichandra,1919
Leucaena trichodes,1944
Leucomphalos callicarpus,2
Leucomphalos capparideus,3
Liparia parva,2292
Liparia splendens,1508
Loesenera talbotii,50
Lonchocarpus atropurpureus,473
Lonchocarpus bussei,903
Lonchocarpus campestris,5225
Lonchocarpus capassa,400
Lonchocarpus constrictus,480
Lonchocarpus domingensis,728
Lonchocarpus eriocalyx,474
Lonchocarpus eriocarinalis,400
Lonchocarpus filipes,454
Lonchocarpus guatemalensis,631
Lonchocarpus guillemineanus,400
Lonchocarpus heptaphyllus,440
Lonchocarpus macrocarpus,517
Lonchocarpus macrophyllus,618
Lonchocarpus muehlbergianus,401
Lonchocarpus nelsii,401
Lonchocarpus nitidus,918
Lonchocarpus punctatus,3603
Lonchocarpus sericeus,590
Lonchocarpus violaceus,894
Lonchocarpus virgilioides,473
Lophocarpinia aculeatifolia,3
Lotononis adpressa,122
Lotononis angolensis,585
Lotononis arenicola,691
Lotononis azurea,288
Lotononis bainesii,82
Lotononis benthamiana,1893
Lotononis bolusii,81
Lotononis brachyantha,108
Lotononis calycina,210
Lotononis carinata,943
Lotononis corymbosa,500
Lotononis crumanina,72
Lotononis cytisoides,100
Lotononis delicata,309
Lotononis depressa,478
Lotononis digitata,1216
Lotononis divaricata,832
Lotononis eriantha,251
Lotononis falcata,686
Lotononis foliosa,258
Lotononis fruticoides,72
Lotononis hirsuta,1109
Lotononis involucrata,473
Lotononis laxa,1109
Lotononis lenticula,94
Lotononis leptoloba,79
Lotononis listii,74
Lotononis longiflora,321
Lotononis lotononoides,74
Lotononis macrocarpa,1194
Lotononis macrosepala,87
Lotononis marlothii,100
Lotononis maximiliani,197
Lotononis minima,4802
Lotononis mucronata,785
Lotononis oxyptera,72
Lotononis parviflora,1280
Lotononis pentaphylla,287
Lotononis platycarpa,139
Lotononis polycephala,102
Lotononis prostrata,546
Lotononis pulchella,657
Lotononis pulchra,714
Lotononis quinata,183
Lotononis rabenaviana,72
Lotononis serpentinicola,80
Lotononis solitudinis,83
Lotononis strigillosa,94
Lotononis tenella,1855
Lotononis wilmsii,86
Lotus alpinus,10092
Lotus angustissimus,8646
Lotus arabicus,8855
Lotus arenarius,8798
Lotus australis,15822
Lotus bollei,8645
Lotus conimbricensis,8654
Lotus conjugatus,8654
Lotus corniculatus,8694
Lotus coronillaefolius,8640
Lotus cruentus,9065
Lotus cytisoides,8665
Lotus discolor,9449
Lotus edulis,16400
Lotus glaber,9061
Lotus glinoides,8640
Lotus halophilus,9055
Lotus hirtulus,8642
Lotus hispidus,9353
Lotus longesiliquosus,8640
Lotus maroccanus,8720
Lotus namulensis,8640
Lotus ornithopodioides,8648
Lotus palaestinus,8653
Lotus parviflorus,8744
Lotus peczoricus,8640
Lotus pedunculatus,8684
Lotus peregrinus,9572
Lotus purpureus,10023
Lotus schoelleri,8642
Lotus sessilifolius,8659
Lotus subbiflorus,8640
Lotus tenuis,10043
Lotus ucrainicus,8641
Lotus weilleri,8640
Lotus wildii,8654
Luetzelburgia auriculata,661
Luetzelburgia bahiensis,205
Lupinus affinis,5841
Lupinus albicaulis,3173
Lupinus albifrons,3550
Lupinus albus,6420
Lupinus ananeanus,3082
Lupinus angustiflorus,3083
Lupinus angustifolius,3258
Lupinus arboreus,3349
Lupinus arbustus,3084
Lupinus arcticus,3538
Lupinus argenteus,3620
Lupinus aridus,3103
Lupinus arizonicus,3103
Lupinus atlanticus,3677
Lupinus benthamii,3282
Lupinus bicolor,9555
Lupinus breweri,3182
Lupinus caespitosus,3139
Lupinus campestris,7902
Lupinus chamissonis,3160
Lupinus concinnus,3191
Lupinus confertus,3150
Lupinus cosentinii,3082
Lupinus cumulicola,3090
Lupinus densiflorus,3147
Lupinus diffusus,3105
Lupinus digitatus,3136
Lupinus elegans,33592
Lupinus exaltatus,3104
Lupinus flavoculatus,3082
Lupinus formosus,3420
Lupinus fulcratus,3083
Lupinus gibertianus,3082
Lupinus grayi,3309
Lupinus hartwegii,3169
Lupinus havardii,3098
Lupinus hirsutissimus,3088
Lupinus hispanicus,3273
Lupinus kingii,3218
Lupinus latifolius,3251
Lupinus lepidus,3380
Lupinus leucophyllus,3088
Lupinus luteus,4252
Lupinus lyallii,3138
Lupinus meionanthus,3082
Lupinus meridanus,3090
Lupinus mexicanus,4222
Lupinus microcarpus,3182
Lupinus montanus,4278
Lupinus multiflorus,3193
Lupinus mutabilis,3514
Lupinus nanus,4011
Lupinus nootkatensis,3155
Lupinus ornatus,3950
Lupinus palaestinus,3092
Lupinus perennis,3581
Lupinus pilosus,3383
Lupinus polycarpus,3125
Lupinus polyphyllus,3110
Lupinus princei,3092
Lupinus pubescens,5636
Lupinus pusillus,3830
Lupinus rivularis,3358
Lupinus sellulus,3082
Lupinus sericeus,3287
Lupinus sparsiflorus,3109
Lupinus spectabilis,4167
Lupinus subcarnosus,3084
Lupinus succulentus,3084
Lupinus vallicola,3101
Lupinus villosus,3807
Lysiloma acapulcense,46
Lysiloma divaricatum,175
Lysiloma latisiliquum,46
Lysiloma watsonii,137
Lysiphyllum carronii,24
Lysiphyllum gilvum,62
Maackia amurensis,864
Maackia hupehensis,383
Machaerium aculeatum,378
Machaerium arboreum,746
Machaerium brasiliense,1354
Machaerium ferox,874
Machaerium firmum,230
Machaerium floribundum,341
Machaerium froesii,202
Machaerium hoehneanum,188
Machaerium incorruptibile,188
Machaerium inundatum,208
Machaerium isadelphum,188
Machaerium latifolium,800
Machaerium lunatum,276
Machaerium madeirense,209
Machaerium microphyllum,435
Machaerium milleflorum,188
Machaerium multifoliolatum,189
Machaerium myrianthum,220
Machaerium nyctitans,188
Machaerium obovatum,258
Machaerium opacum,289
Machaerium pedicellatum,275
Machaerium quinata,296
Machaerium salzmannii,275
Machaerium stipitatum,247
Machaerium triste,785
Machaerium villosum,586
Macrolobium acaciifolium,88
Macrolobium angustifolium,830
Macrolobium bifolium,118
Macrolobium campestre,391
Macrolobium huberianum,89
Macrolobium latifolium,697
Macrolobium limbatum,119
Macrolobium microcalyx,108
Macrolobium multijugum,105
Macrolobium pendulum,13418
Macrolobium punctatum,597
Macrolobium suaveolens,1062
Macroptilium atropurpureum,216
Macroptilium bracteatum,488
Macroptilium erythroloma,177
Macroptilium gibbosifolium,177
Macroptilium gracile,871
Macroptilium lathyroides,185
Macroptilium martii,322
Macroptilium panduratum,177
Macrosamanea discolor,821
Macrosamanea duckei,114
Macrosamanea pubiramea,13
Macrosamanea spruceana,70
Macrotyloma africanum,890
Macrotyloma axillare,401
Macrotyloma daltonii,327
Macrotyloma densiflorum,428
Macrotyloma geocarpum,316
Macrotyloma maranguense,318
Macrotyloma oliganthum,329
Macrotyloma rupestre,1281
Macrotyloma stipulosum,317
Macrotyloma tenuiflorum,598
Macrotyloma uniflorum,400
Maniltoa grandiflora,1887
Marina parryi,206570
Martiodendron elatum,133
Mastersia bakeri,525
Medicago arabica,14383
Medicago arborea,8608
Medicago blancheana,7154
Medicago brachycarpa,7222
Medicago cancellata,7248
Medicago carstiensis,7150
Medicago constricta,7471
Medicago coronata,7898
Medicago difalcata,7149
Medicago disciformis,7217
Medicago doliata,7154
Medicago edgeworthii,7185
Medicago falcata,7662
Medicago glomerata,8942
Medicago granadensis,7197
Medicago hemicoerulea,7149
Medicago heyniana,7149
Medicago hybrida,9191
Medicago hypogaea,11133
Medicago intertexta,7171
Medicago karatschaica,7149
Medicago laciniata,7390
Medicago littoralis,9617
Medicago lupulina,7215
Medicago marina,213610
Medicago medicaginoides,7149
Medicago meyeri,7429
Medicago minima,11861
Medicago monantha,7174
Medicago monspeliaca,7153
Medicago murex,7458
Medicago muricoleptis,7149
Medicago noeana,7152
Medicago orbicularis,8517
Medicago orthoceras,7182
Medicago papillosa,7407
Medicago phrygia,7523
Medicago polyceratia,7149
Medicago polymorpha,10029
Medicago praecox,8557
Medicago radiata,14484
Medicago rugosa,9317
Medicago ruthenica,7556
Medicago sativa,36583
Medicago sauvagei,7181
Medicago scutellata,7298
Medicago secundiflora,7222
Medicago soleirolii,7158
Medicago suffruticosa,7597
Medicago tenoreana,7155
Medicago tornata,7167
Medicago truncatula,7462
Medicago turbinata,7353
Medicago vardanis,7205
Melanoxylon brauna,351
Melilotus albus,4774
Melilotus altissimus,629
Melilotus dentatus,1136
Melilotus indicus,4574
Melilotus infestus,608
Melilotus italicus,1220
Melilotus macrocarpus,723
Melilotus messanensis,620
Melilotus neapolitanus,735
Melilotus officinalis,10701
Melilotus polonicus,634
Melilotus segetalis,675
Melilotus speciosus,1122
Melilotus suaveolens,1573
Melilotus sulcatus,891
Melilotus wolgicus,606
Melolobium adenodes,9
Melolobium aethiopicum,200
Melolobium alpinum,306
Melolobium calycinum,182
Melolobium candicans,200
Melolobium exudans,9
Melolobium humile,400
Melolobium microphyllum,255
Melolobium obcordatum,18
Microberlinia bisulcata,25
Microcharis angolensis,523
Microcharis galpinii,35
Microcharis latifolia,2620
Microlobius foetidus,247
Mildbraediodendron excelsum,100
Millettia dielsiana,582
Millettia dubia,1948
Millettia duchesnei,540
Millettia dura,4869
Millettia extensa,891
Millettia ferruginea,1485
Millettia glaucescens,984
Millettia grandis,7615
Millettia harmsiana,558
Millettia laurentii,909
Millettia macrophylla,2367
Millettia nitida,1445
Millettia stuhlmannii,607
Millettia thonningii,697
Millettia usaramensis,538
Mimosa aculeaticarpa,2234
Mimosa acutistipula,2234
Mimosa adenocarpa,2237
Mimosa affinis,4992
Mimosa albida,2703
Mimosa aparadensis,2236
Mimosa arenosa,2444
Mimosa artemisiana,2234
Mimosa bahamensis,2352
Mimosa benthamii,2432
Mimosa bimucronata,2237
Mimosa blanchetii,2267
Mimosa borealis,5188
Mimosa caesalpiniifolia,2234
Mimosa calodendron,2245
Mimosa campicola,2236
Mimosa camporum,2288
Mimosa casta,3081
Mimosa ceratonia,2789
Mimosa cordistipula,2238
Mimosa debilis,2506
Mimosa delicatula,2449
Mimosa depauperata,2271
Mimosa diplotricha,2240
Mimosa dormiens,2236
Mimosa dysocarpa,2234
Mimosa filipes,2289
Mimosa filipetiola,2234
Mimosa flagellaris,2282
Mimosa flocculosa,2284
Mimosa foliolosa,2276
Mimosa furfuracea,2444
Mimosa gemmulata,2239
Mimosa grahamii,2315
Mimosa guilandinae,2234
Mimosa hamata,2485
Mimosa hexandra,2408
Mimosa himalayana,2337
Mimosa hirsutissima,2287
Mimosa hondurana,2234
Mimosa hypoglauca,2273
Mimosa irrigua,2246
Mimosa lacerata,2296
Mimosa lactiflua,2242
Mimosa lanuginosa,2526
Mimosa latispinosa,2234
Mimosa lewisii,2311
Mimosa luisana,2478
Mimosa malacocarpa,2237
Mimosa melanocarpa,2795
Mimosa menabeensis,2239
Mimosa mensicola,2234
Mimosa mollis,3286
Mimosa monancistra,2234
Mimosa monticola,2998
Mimosa nuda,2779
Mimosa occidentalis,7077
Mimosa ophthalmocentra,2235
Mimosa orthocarpa,2236
Mimosa paludosa,2640
Mimosa pigra,2469
Mimosa polyantha,2413
Mimosa polycarpa,2421
Mimosa polydactyla,2347
Mimosa pseudosepiaria,2234
Mimosa pteridifolia,2240
Mimosa pudica,2347
Mimosa quadrivalvis,2252
Mimosa rhododactyla,2238
Mimosa rubicaulis,2235
Mimosa scabrella,2258
Mimosa schleidenii,2237
Mimosa sensibilis,2326
Mimosa sensitiva,2315
Mimosa setuligera,2235
Mimosa skinneri,2271
Mimosa somnians,2236
Mimosa strigillosa,2251
Mimosa tenuiflora,2366
Mimosa tequilana,2496
Mimosa tricephala,2235
Mimosa ulbrichiana,2235
Mimosa uliginosa,2401
Mimosa ursina,2772
Mimosa velloziana,2239
Mimosa verrucosa,3495
Mimosa xanthocentra,2234
Mimosa zimapanensis,2235
Mimozyganthus carinatus,517
Mirbelia dilatata,226
Mirbelia floribunda,789
Mirbelia ovata,1365
Mirbelia oxylobioides,3
Mirbelia pungens,502
Mirbelia ramulosa,40
Mirbelia spinosa,3121
Moldenhawera floribunda,803
Monopteryx inpae,9
Mora excelsa,47897
Mora gonggrijpii,46585
Mora paraensis,46722
Moullava spicata,1138
Mucuna birdwoodiana,1291
Mucuna bracteata,1661
Mucuna coriacea,2186
Mucuna diabolica,1356
Mucuna gigantea,3243
Mucuna hainanensis,1705
Mucuna monosperma,1697
Mucuna nigricans,3471
Mucuna novo-guineensis,64331
Mucuna rostrata,2362
Mucuna sempervirens,2197
Mucuna urens,1575
Muelleranthus trifoliolatus,1
Mundulea sericea,860
Myrocarpus fastigiatus,32
Myrocarpus leprosus,39
Myroxylon peruiferum,73
Nemcia leakeana,2
Neorautanenia amboensis,39
Neorautanenia ficifolia,174
Neorautanenia mitis,1104
Neorudolphia volubilis,668
Neptunia gracilis,6826
Neptunia lutea,2682
Neptunia monosperma,504
Neptunia oleracea,8026
Neptunia plena,1614
Neptunia pubescens,2641
Newtonia buchananii,159
Nissolia fruticosa,1191
Nissolia schottii,78
Notospartium glabrescens,189
Ohwia caudata,1245
Olneya tesota,21
Onobrychis arenaria,1727
Onobrychis biebersteinii,528
Onobrychis chorassanica,451
Onobrychis conferta,622
Onobrychis cornuta,890
Onobrychis cyri,591
Onobrychis dealbata,686
Onobrychis grandis,7525
Onobrychis humilis,1382
Onobrychis hypargyrea,456
Onobrychis kabylica,451
Onobrychis megalobotrys,455
Onobrychis micrantha,1147
Onobrychis pallasii,718
Onobrychis petraea,1275
Onobrychis transcaucasica,469
Onobrychis viciifolia,469
Ononis alba,45765
Ononis alopecuroides,453
Ononis antennata,262
Ononis cristata,1124
Ononis euphrasiifolia,175
Ononis fruticosa,1350
Ononis mitissima,175
Ononis natrix,695
Ononis pusilla,1010
Ononis reclinata,239
Ononis rotundifolia,1151
Ononis serrata,2637
Ononis spinosa,3247
Ononis subspicata,212
Ononis vaginalis,5399
Ononis variegata,1600
Ononis viscosa,1039
Ophrestia oblongifolia,298
Ophrestia radicosa,23
Ophrestia unifoliolata,26
Ormocarpum cochinchinense,92
Ormocarpum kirkii,218
Ormocarpum sennoides,46
Ormocarpum trichocarpum,50
Ormosia apiculata,721
Ormosia arborea,1761
Ormosia coarctata,532
Ormosia coccinea,1090
Ormosia costulata,329
Ormosia coutinhoi,275
Ormosia discolor,1081
Ormosia emarginata,864
Ormosia excelsa,1583
Ormosia fastigiata,432
Ormosia flava,1511
Ormosia glauca,2828
Ormosia grossa,1267
Ormosia henryi,727
Ormosia holerythra,279
Ormosia hosiei,274
Ormosia krugii,285
Ormosia macrocalyx,367
Ormosia melanocarpa,835
Ormosia monosperma,691
Ormosia nitida,1186
Ormosia nobilis,2507
Ormosia pachycarpa,358
Ormosia paraensis,411
Ormosia pinnata,2583
Ormosia semicastrata,274
Ormosia smithii,973
Ormosia sumatrana,552
Ormosia xylocarpa,340
Ornithopus compressus,293
Ornithopus micranthus,200
Ornithopus perpusillus,101
Ornithopus pinnatus,127
Ornithopus sativus,7642
Orophaca caespitosa,242
Otholobium bracteolatum,34
Otholobium candicans,213
Otholobium decumbens,869
Otholobium foliosum,97
Otholobium fruticans,329
Otholobium hirtum,362
Otholobium rotundifolium,127
Otholobium sericeum,77
Otholobium striatum,11515
Otholobium wilmsii,34
Otoptera burchellii,86
Ottleya strigosa,314
Ottleya wrightii,361
Oxylobium ellipticum,84
Oxylobium robustum,272
Oxylobium scandens,691
Oxyrhynchus volubilis,1232
Oxytropis anertii,399
Oxytropis arctica,1186
Oxytropis campanulata,634
Oxytropis campestris,5224
Oxytropis carpatica,472
Oxytropis deflexa,476
Oxytropis glabra,2856
Oxytropis halleri,736
Oxytropis kansuensis,472
Oxytropis kubanensis,400
Oxytropis lambertii,428
Oxytropis lapponica,575
Oxytropis leucantha,572
Oxytropis maydelliana,401
Oxytropis melanocalyx,400
Oxytropis mollis,1452
Oxytropis neglecta,950
Oxytropis oreophila,491
Oxytropis pilosa,1593
Oxytropis riparia,1152
Oxytropis scammaniana,399
Oxytropis sericea,1204
Oxytropis spicata,1534
Oxytropis splendens,1899
Oxytropis thomsonii,537
Oxytropis viscida,462
Pachecoa prismatica,35
Pachyrhizus ahipa,324
Pachyrhizus erosus,365
Pachyrhizus ferrugineus,1266
Pachyrhizus tuberosus,1271
Paramachaerium ormosioides,6
Parapiptadenia excelsa,1373
Parapiptadenia pterosperma,70
Parapiptadenia rigida,944
Paraserianthes lophantha,217
Parkia biglandulosa,965
Parkia decussata,1090
Parkia discolor,1745
Parkia filicoidea,941
Parkia gigantocarpa,946
Parkia igneiflora,941
Parkia multijuga,1083
Parkia nitida,1848
Parkia panurensis,960
Parkia pendula,2509
Parkia platycephala,980
Parkia speciosa,3125
Parkia timoriana,946
Parkia ulei,1087
Parkia velutina,1804
Parkinsonia aculeata,1250
Parkinsonia africana,7206
Parochetus communis,6236
Parryella filifolia,83
Pearsonia aristata,338
Pearsonia cajanifolia,12
Pearsonia grandifolia,434
Pearsonia mesopontica,12
Pearsonia metallifera,12
Pearsonia sessilifolia,143
Pediomelum subacaule,23
Peltogyne angustiflora,81
Peltogyne catingae,66
Peltogyne confertiflora,102
Peltogyne excelsa,1376
Peltogyne gracilipes,307
Peltogyne paniculata,2750
Peltogyne prancei,83
Peltogyne venosa,2653
Peltophorum africanum,800
Peltophorum dasyrrhachis,249
Peltophorum dubium,481
Peltophorum pterocarpum,270
Pentaclethra macroloba,201
Periandra coccinea,842
Periandra mediterranea,2834
Pericopsis angolensis,585
Pericopsis elata,1084
Pericopsis mooniana,82
Petalostylis labicheoides,5
Petteria ramentacea,22
Phaseolus acutifolius,11901
Phaseolus coccineus,12018
Phaseolus filiformis,12413
Phaseolus glabellus,11859
Phaseolus lunatus,12063
Phaseolus maculatus,14993
Phaseolus parvulus,12133
Phaseolus pedicellatus,11868
Phaseolus polystachios,11844
Phaseolus vulgaris,39996
Phyllodium elegans,30536
Phyllodium pulchellum,132
Phyllota barbata,831
Phyllota phylicoides,54
Phyllota pleurandroides,3
Phyllota remota,963
Pickeringia montana,17009
Piliostigma malabaricum,238
Piptadenia adiantoides,155
Piptadenia flava,1379
Piptadenia gonoacantha,142
Piptadenia obliqua,1054
Piptadenia paniculata,2830
Piptadenia stipulacea,328
Piptadenia viridiflora,263
Piptanthus concolor,1073
Piptanthus nepalensis,440
Piscidia grandifolia,471
Piscidia piscipula,48
Pisum abyssinicum,7255
Pisum sativum,12958
Pithecellobium diversifolium,349
Pithecellobium dulce,8206
Pithecellobium lanceolatum,680
Pithecellobium platycarpum,399
Pithecellobium unguis-cati,1467
Plathymenia foliolosa,95
Platycyamus regnellii,80
Platylobium formosum,175
Platylobium obtusangulum,10
Platymiscium floribundum,200
Platymiscium pinnatum,423
Platymiscium stipulare,67
Platymiscium trinitatis,1437
Platypodium elegans,30528
Podalyria biflora,189
Podalyria burchellii,102
Podalyria calyptrata,65
Podalyria canescens,1057
Podalyria cordata,1556
Podalyria glauca,2573
Podalyria myrtillifolia,20
Podalyria sericea,850
Podalyria velutina,888
Podolobium ilicifolium,60
Poecilanthe amazonica,3434
Poecilanthe falcata,640
Poecilanthe hostmannii,32
Poecilanthe parviflora,1226
Poecilanthe ulei,171
Poiretia punctata,2095
Poitea punicea,108
Pongamia pinnata,2653
Priestleya hirsuta,1041
Priestleya tomentosa,2202
Priestleya vestita,353
Prosopis affinis,5234
Prosopis africana,9432
Prosopis alba,47959
Prosopis articulata,2839
Prosopis chilensis,3892
Prosopis cineraria,2648
Prosopis farcta,2496
Prosopis ferox,3164
Prosopis flexuosa,3305
Prosopis glandulosa,2853
Prosopis juliflora,2513
Prosopis kuntzei,2493
Prosopis laevigata,3271
Prosopis nigra,12670
Prosopis pallida,4408
Prosopis pubescens,5042
Prosopis ruscifolia,2509
Prosopis tamarugo,2496
Prosopis velutina,3317
Pseudarthria hookeri,675
Pseudarthria viscida,70
Pseudeminia comosa,256
Pseudopiptadenia contorta,699
Pseudopiptadenia psilostachya,80
Pseudovigna argentea,735
Psophocarpus lancifolius,465
Psophocarpus lukafuensis,383
Psophocarpus palustris,3032
Psophocarpus scandens,1067
Psophocarpus tetragonolobus,467
Psoralea aculeata,1722
Psoralea adscendens,708
Psoralea affinis,3286
Psoralea alata,3209
Psoralea aphylla,848
Psoralea asarina,535
Psoralea ensifolia,556
Psoralea eriantha,703
Psoralea imbricata,1325
Psoralea laxa,1563
Psoralea martinii,706
Psoralea monophylla,677
Psoralea oligophylla,542
Psoralea parva,2812
Psoralea patens,2013
Psoralea pinnata,2834
Psoralea repens,3974
Psoralea restioides,526
Psoralea tenax,1294
Psoralea verrucosa,1790
Psorothamnus arborescens,989
Psorothamnus emoryi,72
Psorothamnus fremontii,84
Psorothamnus schottii,81
Psorothamnus scoparius,345
Psorothamnus spinosus,617
Pterocarpus acapulcensis,919
Pterocarpus amazonum,936
Pterocarpus angolensis,1322
Pterocarpus antunesii,906
Pterocarpus brenanii,913
Pterocarpus echinatus,1031
Pterocarpus indicus,4793
Pterocarpus macrocarpus,998
Pterocarpus marsupium,945
Pterocarpus officinalis,11104
Pterocarpus osun,2550
Pterocarpus rohrii,901
Pterocarpus rotundifolius,985
Pterocarpus santalinoides,900
Pterocarpus santalinus,905
Pterocarpus soyauxii,915
Pterodon abruptus,235
Pterodon emarginatus,350
Pterogyne nitens,952
Pterolobium stellatum,138
Ptycholobium biflorum,21
Ptycholobium contortum,39
Ptycholobium plicatum,62
Pueraria montana,18024
Pueraria phaseoloides,1172
Pueraria stricta,1914
Pueraria tuberosa,2650
Pueraria wallichii,1474
Pultenaea acerosa,146
Pultenaea altissima,1070
Pultenaea blakelyi,59
Pultenaea capitellata,76
Pultenaea daphnoides,78
Pultenaea densifolia,69
Pultenaea elliptica,821
Pultenaea flexilis,217
Pultenaea foliolosa,87
Pultenaea involucrata,445
Pultenaea largiflorens,61
Pultenaea laxiflora,304
Pultenaea microphylla,736
Pultenaea myrtoides,79
Pultenaea ochreata,77
Pultenaea paleacea,126
Pultenaea procumbens,1218
Pultenaea prostrata,515
Pultenaea reticulata,3944
Pultenaea retusa,457
Pultenaea scabra,924
Pultenaea stipularis,108
Pultenaea tenuifolia,725
Pultenaea teretifolia,69
Pultenaea verruculosa,98
Pultenaea villosa,1298
Pycnospora lutescens,253
Rafnia amplexicaulis,188
Rafnia angulata,893
Rafnia axillaris,515
Rafnia capensis,2385
Rafnia crassifolia,561
Rafnia cuneifolia,157
Rafnia diffusa,1168
Rafnia elliptica,784
Rafnia opposita,279
Rafnia ovata,1366
Rafnia racemosa,1925
Rafnia triflora,112
Ramirezella strobilophora,2
Requienia pseudosphaerosperma,1
Requienia sphaerosperma,18
Retama monosperma,746
Retama raetam,376
Retama sphaerocarpa,467
Rhynchosia acuminatissima,274
Rhynchosia adenodes,232
Rhynchosia albissima,237
Rhynchosia angulosa,279
Rhynchosia aurea,4387
Rhynchosia buchananii,329
Rhynchosia capensis,2610
Rhynchosia caribaea,913
Rhynchosia ciliata,1403
Rhynchosia clivorum,236
Rhynchosia confusa,765
Rhynchosia cooperi,440
Rhynchosia densiflora,1244
Rhynchosia divaricata,991
Rhynchosia diversifolia,1079
Rhynchosia fleckii,233
Rhynchosia goetzei,268
Rhynchosia harveyi,1590
Rhynchosia himalensis,239
Rhynchosia hirsuta,1268
Rhynchosia holosericea,324
Rhynchosia holstii,326
Rhynchosia insignis,1073
Rhynchosia jacottetii,231
Rhynchosia komatiensis,231
Rhynchosia luteola,607
Rhynchosia minima,4927
Rhynchosia monophylla,382
Rhynchosia namaensis,235
Rhynchosia nervosa,17823
Rhynchosia nitens,1182
Rhynchosia nyasica,247
Rhynchosia pentheri,237
Rhynchosia phaseoloides,373
Rhynchosia procurrens,240
Rhynchosia pseudo-cajan,58807
Rhynchosia pulverulenta,335
Rhynchosia pyramidalis,548
Rhynchosia reniformis,602
Rhynchosia reptabunda,231
Rhynchosia resinosa,594
Rhynchosia reticulata,4134
Rhynchosia rothii,264
Rhynchosia rufescens,1206
Rhynchosia schimperi,391
Rhynchosia senna,5465
Rhynchosia sordida,570
Rhynchosia stipata,243
Rhynchosia suaveolens,1200
Rhynchosia sublobata,251
Rhynchosia thorncroftii,232
Rhynchosia tomentosa,2429
Rhynchosia totta,425
Rhynchosia tricuspidata,620
Rhynchosia velutina,1099
Rhynchosia villosa,1489
Rhynchosia volubilis,886
Riedeliella graciliflora,35
Robinia hispida,2573
Robinia pseudoacacia,1260
Robinia viscosa,2103
Robynsiophyton vanderystii,7
Rothia hirsuta,1354
Rothia indica,18092
Samanea inopinata,352
Saraca asoca,346
Schizolobium parahyba,469
Schleinitzia fosbergii,26
Schleinitzia insularum,248
Schotia brachypetala,39
Schotia capitata,3256
Schotia latifolia,2641
Sclerolobium albiflorum,75
Sclerolobium aureum,484
Sclerolobium chrysophyllum,466
Sclerolobium densiflorum,156
Sclerolobium eriopetalum,46
Sclerolobium hypoleucum,71
Sclerolobium melanocarpum,53
Sclerolobium melinonii,58
Sclerolobium odoratissimum,166
Sclerolobium pilgerianum,48
Sclerolobium rugosum,265
Scorodophloeus zenkeri,120
Scorpiurus muricatus,124
Scorpiurus vermiculatus,87
Securigera cretica,527
Securigera orientalis,7237
Securigera securidaca,229
Securigera varia,6669
Senna aculeata,6431
Senna alexandrina,7298
Senna aphylla,5560
Senna appendiculata,5452
Senna auriculata,5850
Senna aversiflora,5236
Senna bacillaris,5417
Senna barclayana,5266
Senna bauhinioides,5263
Senna bicapsularis,5244
Senna cana,10961
Senna candolleana,5302
Senna chrysocarpa,5255
Senna corymbosa,5661
Senna covesii,5236
Senna cumingii,5549
Senna didymobotrya,5251
Senna floribunda,6020
Senna fruticosa,6410
Senna galegifolia,5248
Senna gardneri,5513
Senna holosericea,5328
Senna italica,12284
Senna latifolia,7847
Senna lindheimeriana,5236
Senna marilandica,5280
Senna montana,22240
Senna multiglandulosa,5261
Senna multijuga,5360
Senna nitida,6150
Senna obtusifolia,5681
Senna occidentalis,9896
Senna oxyphylla,5457
Senna pallida,7203
Senna pendula,6827
Senna petersiana,5268
Senna pilifera,5310
Senna pinheiroi,5241
Senna polyantha,5415
Senna quinquangulata,5238
Senna racemosa,7150
Senna reniformis,5606
Senna reticulata,9118
Senna septemtrionalis,5237
Senna silvestris,8852
Senna singueana,5258
Senna sophera,5279
Senna spectabilis,6262
Senna splendida,5424
Senna sulfurea,5280
Senna surattensis,5265
Senna tapajozensis,5237
Senna tora,7567
Senna uniflora,5955
Senna velutina,6101
Senna wislizeni,5258
Serianthes myriadenia,68
Sesbania benthamiana,3230
Sesbania bispinosa,1572
Sesbania cannabina,1564
Sesbania cinerascens,1628
Sesbania coerulescens,1673
Sesbania concolor,2475
Sesbania drummondii,1663
Sesbania emerus,1417
Sesbania erubescens,1510
Sesbania exasperata,1547
Sesbania formosa,5959
Sesbania goetzei,1444
Sesbania grandiflora,3035
Sesbania greenwayi,1436
Sesbania herbacea,1869
Sesbania javanica,3789
Sesbania leptocarpa,1434
Sesbania longifolia,3272
Sesbania macrantha,1577
Sesbania macroptera,1569
Sesbania microphylla,2102
Sesbania pachycarpa,1486
Sesbania punicea,1483
Sesbania rostrata,2284
Sesbania sericea,2236
Sesbania sesban,1423
Sesbania speciosa,3707
Sesbania sphaerosperma,1426
Sesbania tetraptera,1721
Sesbania tomentosa,3605
Sesbania transvaalensis,1549
Sesbania virgata,1860
Shuteria involucrata,408
Sindora siamensis,984
Sindora supa,937
Sindora tonkinensis,429
Smirnowia turkestana,14
Smithia bigemina,502
Smithia blanda,507
Smithia capitata,3247
Smithia ciliata,1194
Smithia conferta,198
Smithia erubescens,125
Smithia gracilis,6768
Smithia hirsuta,1059
Smithia purpurea,3566
Smithia pycnantha,68
Smithia salsuginea,88
Smithia sensitiva,103
Smithia setulosa,56
Sophora albescens,1733
Sophora alopecuroides,1632
Sophora arizonica,1705
Sophora chrysophylla,1560
Sophora davidii,1803
Sophora flavescens,2924
Sophora gypsophila,1976
Sophora howinsula,1511
Sophora inhambanensis,1512
Sophora microphylla,2186
Sophora mollis,2550
Sophora moorcroftiana,1544
Sophora nuttalliana,1537
Sophora prostrata,1982
Sophora secundiflora,1553
Sophora tetraptera,1812
Sophora tomentosa,3678
Sophora velutina,2377
Spartium junceum,182
Spatholobus harmandii,142
Spatholobus parviflorus,214
Sphaerolobium alatum,126
Sphaerolobium grandiflorum,1509
Sphaerolobium medium,218369
Sphaerophysa salsula,35
Sphenostylis angustifolia,3841
Sphenostylis marginata,1596
Sphenostylis stenocarpa,281
Sphinga platyloba,54
Stahlia monosperma,420
Strongylodon lucidus,280
Strongylodon macrobotrys,37
Strongylodon ruber,1844
Strophostyles leiosperma,15
Strophostyles umbellata,811
Stryphnodendron adstringens,356
Stryphnodendron guianense,349
Stryphnodendron microstachyum,304
Stryphnodendron paniculatum,734
Stryphnodendron polystachyum,325
Stryphnodendron pulcherrimum,355
Stryphnodendron racemiferum,302
Stylosanthes angustifolia,4388
Stylosanthes bahiensis,956
Stylosanthes biflora,955
Stylosanthes bracteata,1202
Stylosanthes calcicola,954
Stylosanthes capitata,3968
Stylosanthes debilis,1062
Stylosanthes erecta,2297
Stylosanthes fruticosa,1955
Stylosanthes guianensis,1903
Stylosanthes hamata,992
Stylosanthes humilis,1617
Stylosanthes leiocarpa,917
Stylosanthes macrocarpa,1907
Stylosanthes macrocephala,1148
Stylosanthes mexicana,37999
Stylosanthes montevidensis,885
Stylosanthes nervosa,18378
Stylosanthes ruellioides,790
Stylosanthes scabra,1605
Stylosanthes subsericea,805
Stylosanthes sympodialis,909
Stylosanthes tomentosa,2984
Stylosanthes tuberculata,1598
Stylosanthes viscosa,1649
Styphnolobium japonicum,7838
Sutherlandia frutescens,1972
Sutherlandia microphylla,835
Sutherlandia montana,17147
Swainsona burkittii,66
Swainsona campylantha,61
Swainsona canescens,1090
Swainsona fissimontana,61
Swainsona flavicarinata,61
Swainsona formosa,4593
Swainsona forrestii,203
Swainsona galegifolia,64
Swainsona greyana,61
Swainsona incei,71
Swainsona kingii,199
Swainsona leeana,91
Swainsona lessertiifolia,61
Swainsona maccullochiana,61
Swainsona microphylla,756
Swainsona oroboides,86
Swainsona phacoides,68
Swainsona procumbens,1239
Swainsona pterostylis,105
Swainsona rigida,989
Swainsona stipularis,128
Swainsona swainsonioides,61
Swartzia acutifolia,434
Swartzia apetala,442
Swartzia arborescens,1222
Swartzia auriculata,898
Swartzia bahiensis,421
Swartzia bannia,253
Swartzia benthamiana,2072
Swartzia brachyrachis,254
Swartzia caribaea,937
Swartzia corrugata,525
Swartzia cuspidata,832
Swartzia flaemingii,253
Swartzia glazioviana,317
Swartzia grandifolia,678
Swartzia guianensis,1537
Swartzia jenmanii,260
Swartzia laevicarpa,260
Swartzia langsdorffii,551
Swartzia latifolia,2865
Swartzia laurifolia,466
Swartzia laxiflora,516
Swartzia leiocalycina,259
Swartzia leptopetala,267
Swartzia longistipitata,273
Swartzia macrostachya,349
Swartzia myrtifolia,388
Swartzia oblanceolata,275
Swartzia oriximinaensis,254
Swartzia panacoco,253
Swartzia pinnata,2567
Swartzia polyphylla,753
Swartzia recurva,344
Swartzia reticulata,4156
Swartzia schomburgkii,322
Swartzia sericea,1083
Swartzia simplex,34163
Swartzia tomentifera,256
Swartzia trinitensis,261
Swartzia ulei,399
Sweetia fruticosa,1189
Syrmatium cytisoides,30
Syrmatium decumbens,850
Tachigali cavipes,116
Tachigali macrostachya,206
Tachigali multijuga,263
Tachigali myrmecophila,153
Tachigali myrmecophila,153
Tachigali paniculata,2797
Tachigali rusbyi,128
Tachigali venusta,376
Tachigali versicolor,3751
Tadehagi triquetrum,261
Tamarindus indica,17807
Taralea cordata,1546
Taralea oppositifolia,231
Taverniera cuneifolia,171
Taverniera lappacea,74
Templetonia retusa,426
Templetonia sulcata,529
Tephrosia acaciifolia,725
Tephrosia adunca,806
Tephrosia aequilata,723
Tephrosia apollinea,725
Tephrosia brachyodon,732
Tephrosia bracteolata,775
Tephrosia burchellii,806
Tephrosia candida,46384
Tephrosia capensis,3103
Tephrosia cephalantha,729
Tephrosia chimanimaniana,725
Tephrosia cinerea,6949
Tephrosia cordata,2260
Tephrosia coronilloides,723
Tephrosia dasyphylla,753
Tephrosia decora,906
Tephrosia dietrichiae,722
Tephrosia dregeana,761
Tephrosia elata,1751
Tephrosia elongata,1968
Tephrosia euchroa,723
Tephrosia falciformis,903
Tephrosia festina,849
Tephrosia filipes,777
Tephrosia flagellaris,770
Tephrosia forbesii,898
Tephrosia glomeruliflora,724
Tephrosia grandibracteata,744
Tephrosia grandiflora,2582
Tephrosia heckmanniana,724
Tephrosia hookeriana,821
Tephrosia juncea,4537
Tephrosia linearis,1640
Tephrosia longipes,1622
Tephrosia lupinifolia,722
Tephrosia macropoda,779
Tephrosia maxima,8218
Tephrosia micrantha,1424
Tephrosia montana,17728
Tephrosia multijuga,879
Tephrosia natalensis,1646
Tephrosia nitens,1673
Tephrosia noctiflora,748
Tephrosia obovata,1353
Tephrosia pallens,1341
Tephrosia paniculata,3411
Tephrosia polystachya,1123
Tephrosia praecana,722
Tephrosia pumila,2001
Tephrosia purpurea,4103
Tephrosia radicans,1092
Tephrosia remotiflora,736
Tephrosia reptans,1139
Tephrosia rhodesica,723
Tephrosia rigida,1649
Tephrosia rosea,3656
Tephrosia rufula,765
Tephrosia rupicola,914
Tephrosia semiglabra,727
Tephrosia senna,5956
Tephrosia sessiliflora,845
Tephrosia shiluwanensis,722
Tephrosia sinapou,722
Tephrosia sphaerospora,829
Tephrosia spicata,1858
Tephrosia stormsii,722
Tephrosia strigosa,1031
Tephrosia subtriflora,725
Tephrosia subulata,968
Tephrosia supina,963
Tephrosia tinctoria,1768
Tephrosia uniflora,1447
Tephrosia vestita,1071
Tephrosia vicioides,725
Tephrosia villosa,1952
Tephrosia virgata,1236
Tephrosia virginiana,1979
Tephrosia vogelii,896
Teramnus labialis,616
Teramnus repens,3473
Teramnus uncinatus,134
Teramnus volubilis,691
Tetraberlinia bifoliolata,19
Tetraberlinia moreliana,19
Teyleria koordersii,9
Thermopsis barbata,964
Thermopsis inflata,655
Thermopsis lanceolata,2210
Thermopsis lupinoides,137
Thermopsis macrophylla,1972
Thermopsis montana,17137
Thermopsis villosa,1393
Thylacanthus ferrugineus,999
Tibetia himalaica,64
Tipuana tipu,1201
Trifolium affine,23139
Trifolium africanum,4601
Trifolium albopurpureum,4030
Trifolium alexandrinum,4078
Trifolium alpestre,4127
Trifolium alpinum,4322
Trifolium amabile,5440
Trifolium ambiguum,4161
Trifolium angustifolium,4765
Trifolium apertum,4042
Trifolium argutum,4036
Trifolium arvense,5107
Trifolium aureum,4466
Trifolium baccarinii,4032
Trifolium badium,4053
Trifolium barbigerum,4035
Trifolium beckwithii,4030
Trifolium bejariense,4030
Trifolium bifidum,4833
Trifolium bocconei,4041
Trifolium boissieri,4116
Trifolium burchellianum,4030
Trifolium campestre,4331
Trifolium canescens,5068
Trifolium carolinianum,4124
Trifolium cernuum,4148
Trifolium cheranganiense,4030
Trifolium cherleri,4030
Trifolium ciliolatum,4035
Trifolium clusii,4074
Trifolium clypeatum,4040
Trifolium cryptopodium,4030
Trifolium cyathiferum,4030
Trifolium dalmaticum,4042
Trifolium dasyphyllum,4073
Trifolium dasyurum,4030
Trifolium decorum,4602
Trifolium depauperatum,4034
Trifolium dichotomum,4066
Trifolium diffusum,4262
Trifolium dubium,4363
Trifolium echinatum,4056
Trifolium fragiferum,4030
Trifolium fucatum,4030
Trifolium glanduliferum,4046
Trifolium globosum,4541
Trifolium glomeratum,4082
Trifolium gracilentum,4037
Trifolium grandiflorum,5528
Trifolium haydenii,4040
Trifolium heldreichianum,4030
Trifolium hirtum,4353
Trifolium hybridum,4226
Trifolium incarnatum,4155
Trifolium isthmocarpum,4030
Trifolium kingii,4168
Trifolium lanceolatum,4377
Trifolium lappaceum,4389
Trifolium leucanthum,4066
Trifolium ligusticum,4431
Trifolium longipes,4930
Trifolium lupinaster,4033
Trifolium masaiense,4030
Trifolium mattirolianum,4030
Trifolium medium,222359
Trifolium michelianum,4031
Trifolium micranthum,4209
Trifolium microcephalum,4072
Trifolium microdon,4219
Trifolium miegeanum,4030
Trifolium mucronatum,4135
Trifolium nanum,4165
Trifolium nigrescens,4780
Trifolium obscurum,4112
Trifolium oliganthum,4043
Trifolium ornithopodioides,4039
Trifolium palaestinum,4061
Trifolium pallescens,4261
Trifolium pallidum,6953
Trifolium pannonicum,4054
Trifolium parryi,4108
Trifolium patens,5517
Trifolium pauciflorum,4126
Trifolium physodes,4196
Trifolium plebeium,4039
Trifolium polymorphum,4114
Trifolium polyphyllum,4095
Trifolium polystachyum,4054
Trifolium pratense,4528
Trifolium pseudostriatum,4030
Trifolium quartinianum,4034
Trifolium reflexum,4068
Trifolium repens,6098
Trifolium resupinatum,4034
Trifolium retusum,4053
Trifolium rubens,19496
Trifolium rueppellianum,4030
Trifolium scabrum,4215
Trifolium scutatum,4077
Trifolium semipilosum,4030
Trifolium simense,4031
Trifolium somalense,4040
Trifolium spadiceum,4038
Trifolium spumosum,4035
Trifolium squamosum,4074
Trifolium squarrosum,4132
Trifolium stellatum,4148
Trifolium steudneri,4056
Trifolium stoloniferum,4134
Trifolium striatum,15522
Trifolium strictum,4244
Trifolium subterraneum,4125
Trifolium suffocatum,4031
Trifolium sylvaticum,4210
Trifolium tembense,4030
Trifolium thalii,4030
Trifolium tomentosum,4331
Trifolium tumens,4033
Trifolium uniflorum,4320
Trifolium usambarense,4049
Trifolium variegatum,4450
Trifolium vernum,4092
Trifolium vesiculosum,4056
Trifolium willdenovii,4044
Trifolium wormskioldii,4033
Trigonella anguina,2038
Trigonella arabica,9084
Trigonella balansae,2128
Trigonella berythea,1846
Trigonella caelesyriaca,1846
Trigonella caerulea,2755
Trigonella calliceras,1846
Trigonella cretica,2314
Trigonella cylindracea,2244
Trigonella emodi,2358
Trigonella geminiflora,1867
Trigonella glabra,4313
Trigonella gladiata,1993
Trigonella gracilis,8588
Trigonella occulta,2372
Trigonella spruneriana,1846
Trigonella stellata,2289
Trigonella suavissima,1869
Trigonella verae,1908
Tripodion tetraphyllum,20
Tylosema esculentum,4977
Tylosema fassoglensis,67
Ulex europaeus,1772
Ulex gallii,450
Uraria crinita,268
Uraria cylindracea,476
Uraria lagopodioides,75
Uraria lagopus,1147
Uraria picta,1094
Uraria rufescens,1052
Vandasina retusa,416
Vatairea erythrocarpa,117
Vatairea guianensis,1327
Vatairea heteroptera,8184
Vatairea paraensis,206
Vataireopsis araroba,14
Vavilovia formosa,4626
Vicia acutifolia,6973
Vicia americana,38560
Vicia amoena,7009
Vicia amurensis,7616
Vicia articulata,7140
Vicia bakeri,7315
Vicia benghalensis,7204
Vicia biennis,7102
Vicia bithynica,6804
Vicia bungei,6957
Vicia caroliniana,7144
Vicia cassubica,6792
Vicia cracca,6806
Vicia disperma,6819
Vicia dumetorum,6950
Vicia ervilia,6803
Vicia faba,10039
Vicia floridana,7208
Vicia fulgens,7311
Vicia graminea,6980
Vicia grandiflora,8645
Vicia hirsuta,7809
Vicia hybrida,8833
Vicia hyrcanica,6801
Vicia lathyroides,6831
Vicia linearifolia,6866
Vicia ludoviciana,6974
Vicia lutea,9386
Vicia melanops,6971
Vicia minutiflora,6909
Vicia monantha,6817
Vicia montevidensis,6890
Vicia nana,27959
Vicia narbonensis,6864
Vicia nipponica,11301
Vicia ochroleuca,6977
Vicia palaestina,7164
Vicia pallida,8759
Vicia pannonica,7649
Vicia parviflora,7997
Vicia peregrina,8517
Vicia pisiformis,6943
Vicia pseudo-orobus,63426
Vicia pseudorobus,6791
Vicia pubescens,9350
Vicia pulchella,7376
Vicia ramuliflora,6794
Vicia rigidula,6858
Vicia sativa,39217
Vicia sepium,7398
Vicia serratifolia,6912
Vicia sicula,7273
Vicia sylvatica,9453
Vicia tenuifolia,7467
Vicia tetrasperma,6952
Vicia unijuga,6802
Vicia venosa,9385
Vicia villosa,7825
Vigna aconitifolia,12596
Vigna adenantha,12603
Vigna angularis,12861
Vigna candida,58280
Vigna caracalla,12907
Vigna comosa,12838
Vigna dalzelliana,12585
Vigna desmodioides,12584
Vigna frutescens,14538
Vigna gazensis,12591
Vigna glabrescens,12764
Vigna hosei,13063
Vigna juncea,16390
Vigna khandalensis,12584
Vigna lanceolata,14692
Vigna lasiocarpa,12762
Vigna linearis,13503
Vigna longifolia,14447
Vigna luteola,12944
Vigna marina,219012
Vigna minima,17306
Vigna monophylla,12734
Vigna multinervis,12618
Vigna mungo,13726
Vigna nakashimae,12584
Vigna oblongifolia,12870
Vigna parkeri,12949
Vigna peduncularis,12675
Vigna pygmaea,13093
Vigna radiata,16858
Vigna reflexopilosa,12584
Vigna stenophylla,12752
Vigna subterranea,12977
Vigna trilobata,12881
Vigna triphylla,12784
Vigna umbellata,13224
Vigna unguiculata,12732
Viminaria juncea,3815
Virgilia divaricata,1069
Virgilia oroboides,338
Vouacapoua americana,31778
Vouacapoua macropetala,42
Vouacapoua pallidior,46
Wallaceodendron celebicum,111
Wiborgia humilis,946
Wiborgia incurvata,77
Wiborgia monoptera,11
Wiborgia mucronata,723
Wiborgia obcordata,38
Wisteria brachybotrys,367
Wisteria floribunda,986
Wisteria frutescens,2305
Wisteria sinensis,15395
Wisteria villosa,1610
Xanthocercis madagascariensis,940
Xerocladia viridiramis,6
Xeroderris stuhlmannii,77
Xylia torreana,92
Xylia xylocarpa,142
Zapoteca formosa,4639
Zenkerella citrina,295
Zollernia glabra,2488
Zollernia ilicifolia,299
Zollernia paraensis,162
Zornia brasiliensis,8143
Zornia capensis,2445
Zornia curvata,252
Zornia diphylla,132
Zornia gibbosa,288
Zornia glabra,2532
Zornia herbacea,531
Zornia linearis,984
Zornia milneana,66
Zornia pratensis,1348
Zornia reticulata,3967
Zygia cataractae,218
Zygia cauliflora,421
Zygia inaequalis,942
Zygia juruana,108
Zygia latifolia,2711
Zygia longifolia,1964
Zygia selloi,159
