"","x"
"1","Myrmicinae"
"2","Myrmicinae"
"3","Myrmicinae"
"4","Myrmicinae"
"5","Myrmicinae"
"6","Myrmicinae"
"7","Myrmicinae"
"8","Myrmicinae"
"9","Myrmicinae"
"10","Ponerinae"
"11","Cerapachyinae"
"12","Cerapachyinae"
"13","Cerapachyinae"
"14","Cerapachyinae"
"15","Cerapachyinae"
"16","Myrmicinae"
"17","Myrmicinae"
"18","Myrmicinae"
"19","Myrmicinae"
"20","Myrmicinae"
"21","Myrmicinae"
"22","Myrmicinae"
"23","Myrmicinae"
"24","Myrmicinae"
"25","Myrmicinae"
"26","Myrmicinae"
"27","Myrmicinae"
"28","Myrmicinae"
"29","Myrmicinae"
"30","Myrmicinae"
"31","Myrmicinae"
"32","Myrmicinae"
"33","Myrmicinae"
"34","Myrmicinae"
"35","Myrmicinae"
"36","Myrmicinae"
"37","Myrmicinae"
"38","Myrmicinae"
"39","Myrmicinae"
"40","Myrmicinae"
"41","Formicinae"
"42","Formicinae"
"43","Formicinae"
"44","Formicinae"
"45","Formicinae"
"46","Formicinae"
"47","Formicinae"
"48","Formicinae"
"49","Formicinae"
"50","Formicinae"
"51","Formicinae"
"52","Formicinae"
"53","Formicinae"
"54","Formicinae"
"55","Formicinae"
"56","Myrmicinae"
"57","Myrmicinae"
"58","Myrmicinae"
"59","Myrmicinae"
"60","Myrmicinae"
"61","Ponerinae"
"62","Myrmicinae"
"63","Aenictogitoninae"
"64","Aenictinae"
"65","Aenictinae"
"66","Aenictinae"
"67","Aenictinae"
"68","Aenictinae"
"69","Aenictinae"
"70","Aenictinae"
"71","Aenictinae"
"72","Aenictinae"
"73","Aenictinae"
"74","Aenictinae"
"75","Aenictinae"
"76","Aenictinae"
"77","Aenictinae"
"78","Aenictinae"
"79","Aenictinae"
"80","Aenictinae"
"81","Aenictinae"
"82","Aenictinae"
"83","Aenictinae"
"84","Aenictinae"
"85","Aenictinae"
"86","Aenictinae"
"87","Aenictinae"
"88","Aenictinae"
"89","Aenictinae"
"90","Aenictinae"
"91","Aenictinae"
"92","Aenictinae"
"93","Aenictinae"
"94","Aenictinae"
"95","Aenictinae"
"96","Aenictinae"
"97","Aenictinae"
"98","Aenictinae"
"99","Aenictinae"
"100","Aenictinae"
"101","Aenictinae"
"102","Aenictinae"
"103","Aenictinae"
"104","Aenictinae"
"105","Aenictinae"
"106","Aenictinae"
"107","Aenictinae"
"108","Aenictinae"
"109","Aenictinae"
"110","Aenictinae"
"111","Aenictinae"
"112","Aenictinae"
"113","Aenictinae"
"114","Aenictinae"
"115","Aenictinae"
"116","Aenictinae"
"117","Aenictinae"
"118","Aenictinae"
"119","Aenictinae"
"120","Aenictinae"
"121","Aenictinae"
"122","Aenictinae"
"123","Aenictinae"
"124","Aenictinae"
"125","Aenictinae"
"126","Aenictinae"
"127","Aenictinae"
"128","Aenictinae"
"129","Aenictinae"
"130","Aenictinae"
"131","Aenictinae"
"132","Aenictinae"
"133","Formicinae"
"134","Formicinae"
"135","Myrmicinae"
"136","Myrmicinae"
"137","Myrmicinae"
"138","Ponerinae"
"139","Aneuretinae"
"140","Dolichoderinae"
"141","Myrmicinae"
"142","Myrmicinae"
"143","Ponerinae"
"144","Ponerinae"
"145","Ponerinae"
"146","Ponerinae"
"147","Ponerinae"
"148","Ponerinae"
"149","Ponerinae"
"150","Ponerinae"
"151","Ponerinae"
"152","Ponerinae"
"153","Ponerinae"
"154","Ponerinae"
"155","Ponerinae"
"156","Ponerinae"
"157","Ponerinae"
"158","Ponerinae"
"159","Ponerinae"
"160","Ponerinae"
"161","Ponerinae"
"162","Ponerinae"
"163","Ponerinae"
"164","Ponerinae"
"165","Ponerinae"
"166","Ponerinae"
"167","Ponerinae"
"168","Ponerinae"
"169","Ponerinae"
"170","Ponerinae"
"171","Ponerinae"
"172","Ponerinae"
"173","Ponerinae"
"174","Ponerinae"
"175","Ponerinae"
"176","Ponerinae"
"177","Ponerinae"
"178","Ponerinae"
"179","Leptanillinae"
"180","Leptanillinae"
"181","Leptanillinae"
"182","Dolichoderinae"
"183","Dolichoderinae"
"184","Dolichoderinae"
"185","Dolichoderinae"
"186","Dolichoderinae"
"187","Formicinae"
"188","Formicinae"
"189","Formicinae"
"190","Formicinae"
"191","Formicinae"
"192","Formicinae"
"193","Formicinae"
"194","Myrmicinae"
"195","Myrmicinae"
"196","Myrmicinae"
"197","Myrmicinae"
"198","Myrmicinae"
"199","Myrmicinae"
"200","Myrmicinae"
"201","Myrmicinae"
"202","Myrmicinae"
"203","Myrmicinae"
"204","Myrmicinae"
"205","Myrmicinae"
"206","Myrmicinae"
"207","Myrmicinae"
"208","Myrmicinae"
"209","Myrmicinae"
"210","Myrmicinae"
"211","Myrmicinae"
"212","Myrmicinae"
"213","Myrmicinae"
"214","Myrmicinae"
"215","Myrmicinae"
"216","Myrmicinae"
"217","Myrmicinae"
"218","Myrmicinae"
"219","Myrmicinae"
"220","Myrmicinae"
"221","Myrmicinae"
"222","Myrmicinae"
"223","Myrmicinae"
"224","Myrmicinae"
"225","Myrmicinae"
"226","Myrmicinae"
"227","Myrmicinae"
"228","Myrmicinae"
"229","Myrmicinae"
"230","Myrmicinae"
"231","Myrmicinae"
"232","Myrmicinae"
"233","Myrmicinae"
"234","Myrmicinae"
"235","Myrmicinae"
"236","Myrmicinae"
"237","Myrmicinae"
"238","Myrmicinae"
"239","Myrmicinae"
"240","Myrmicinae"
"241","Myrmicinae"
"242","Myrmicinae"
"243","Myrmicinae"
"244","Myrmicinae"
"245","Myrmicinae"
"246","Myrmicinae"
"247","Myrmicinae"
"248","Myrmicinae"
"249","Myrmicinae"
"250","Myrmicinae"
"251","Myrmicinae"
"252","Myrmicinae"
"253","Myrmicinae"
"254","Myrmicinae"
"255","Myrmicinae"
"256","Myrmicinae"
"257","Myrmicinae"
"258","Myrmicinae"
"259","Myrmicinae"
"260","Myrmicinae"
"261","Myrmicinae"
"262","Myrmicinae"
"263","Myrmicinae"
"264","Myrmicinae"
"265","Myrmicinae"
"266","Myrmicinae"
"267","Myrmicinae"
"268","Myrmicinae"
"269","Myrmicinae"
"270","Myrmicinae"
"271","Formicinae"
"272","Apomyrminae"
"273","Myrmicinae"
"274","Myrmicinae"
"275","Myrmicinae"
"276","Myrmicinae"
"277","Myrmicinae"
"278","Myrmicinae"
"279","Myrmicinae"
"280","Myrmicinae"
"281","Myrmicinae"
"282","Myrmicinae"
"283","Myrmicinae"
"284",NA
"285",NA
"286","Ponerinae"
"287","Myrmicinae"
"288","Myrmicinae"
"289","Myrmicinae"
"290","Myrmicinae"
"291","Myrmicinae"
"292","Myrmicinae"
"293","Myrmicinae"
"294","Myrmicinae"
"295","Myrmicinae"
"296","Myrmicinae"
"297","Myrmicinae"
"298","Myrmicinae"
"299","Myrmicinae"
"300","Myrmicinae"
"301","Myrmicinae"
"302","Myrmicinae"
"303",NA
"304",NA
"305","Dolichoderinae"
"306","Dolichoderinae"
"307","Dolichoderinae"
"308","Dolichoderinae"
"309","Dolichoderinae"
"310","Dolichoderinae"
"311","Dolichoderinae"
"312","Dolichoderinae"
"313","Dolichoderinae"
"314","Dolichoderinae"
"315","Dolichoderinae"
"316","Dolichoderinae"
"317","Dolichoderinae"
"318","Dolichoderinae"
"319","Dolichoderinae"
"320","Dolichoderinae"
"321","Dolichoderinae"
"322","Dolichoderinae"
"323","Dolichoderinae"
"324","Dolichoderinae"
"325","Dolichoderinae"
"326","Dolichoderinae"
"327","Dolichoderinae"
"328","Dolichoderinae"
"329","Dolichoderinae"
"330","Dolichoderinae"
"331","Dolichoderinae"
"332","Dolichoderinae"
"333","Dolichoderinae"
"334","Dolichoderinae"
"335","Dolichoderinae"
"336","Dolichoderinae"
"337","Dolichoderinae"
"338","Dolichoderinae"
"339","Dolichoderinae"
"340","Dolichoderinae"
"341",NA
"342","Myrmicinae"
"343","Myrmicinae"
"344","Myrmicinae"
"345","Myrmicinae"
"346","Dolichoderinae"
"347","Dolichoderinae"
"348","Dolichoderinae"
"349","Dolichoderinae"
"350","Dolichoderinae"
"351","Dolichoderinae"
"352","Dolichoderinae"
"353","Dolichoderinae"
"354","Dolichoderinae"
"355","Dolichoderinae"
"356",NA
"357",NA
"358",NA
"359",NA
"360","Formicinae"
"361","Formicinae"
"362","Formicinae"
"363","Formicinae"
"364","Formicinae"
"365","Formicinae"
"366","Formicinae"
"367","Formicinae"
"368","Formicinae"
"369","Formicinae"
"370","Formicinae"
"371","Formicinae"
"372","Formicinae"
"373","Formicinae"
"374","Formicinae"
"375","Formicinae"
"376","Formicinae"
"377","Formicinae"
"378",NA
"379",NA
"380",NA
"381",NA
"382",NA
"383",NA
"384",NA
"385","Formicinae"
"386","Myrmicinae"
"387","Myrmicinae"
"388","Myrmicinae"
"389","Myrmicinae"
"390","Myrmicinae"
"391","Formicinae"
"392","Formicinae"
"393","Formicinae"
"394","Formicinae"
"395","Formicinae"
"396","Formicinae"
"397","Formicinae"
"398","Formicinae"
"399","Formicinae"
"400","Formicinae"
"401","Formicinae"
"402","Formicinae"
"403","Formicinae"
"404","Formicinae"
"405","Formicinae"
"406","Formicinae"
"407","Formicinae"
"408","Formicinae"
"409","Formicinae"
"410","Formicinae"
"411","Formicinae"
"412","Formicinae"
"413","Formicinae"
"414","Formicinae"
"415","Formicinae"
"416","Formicinae"
"417","Formicinae"
"418","Formicinae"
"419","Formicinae"
"420","Formicinae"
"421","Formicinae"
"422","Formicinae"
"423","Formicinae"
"424","Formicinae"
"425","Formicinae"
"426","Formicinae"
"427","Formicinae"
"428","Formicinae"
"429","Formicinae"
"430","Formicinae"
"431","Formicinae"
"432","Formicinae"
"433","Formicinae"
"434","Formicinae"
"435","Formicinae"
"436","Formicinae"
"437","Formicinae"
"438","Formicinae"
"439","Formicinae"
"440","Formicinae"
"441","Formicinae"
"442","Formicinae"
"443","Formicinae"
"444","Formicinae"
"445","Formicinae"
"446","Formicinae"
"447","Formicinae"
"448","Formicinae"
"449","Formicinae"
"450","Formicinae"
"451","Formicinae"
"452","Formicinae"
"453","Formicinae"
"454","Formicinae"
"455","Formicinae"
"456","Formicinae"
"457","Formicinae"
"458","Formicinae"
"459","Formicinae"
"460","Formicinae"
"461","Formicinae"
"462","Formicinae"
"463","Formicinae"
"464","Formicinae"
"465","Formicinae"
"466","Formicinae"
"467","Formicinae"
"468","Formicinae"
"469","Formicinae"
"470","Formicinae"
"471","Formicinae"
"472","Formicinae"
"473","Formicinae"
"474","Formicinae"
"475","Formicinae"
"476","Formicinae"
"477","Formicinae"
"478","Formicinae"
"479","Formicinae"
"480","Formicinae"
"481","Formicinae"
"482","Formicinae"
"483","Formicinae"
"484","Formicinae"
"485","Formicinae"
"486","Formicinae"
"487","Formicinae"
"488","Formicinae"
"489","Formicinae"
"490","Formicinae"
"491","Formicinae"
"492","Formicinae"
"493","Formicinae"
"494","Formicinae"
"495","Formicinae"
"496","Formicinae"
"497","Formicinae"
"498","Formicinae"
"499","Formicinae"
"500","Formicinae"
"501","Formicinae"
"502","Formicinae"
"503","Formicinae"
"504","Formicinae"
"505","Formicinae"
"506","Formicinae"
"507","Formicinae"
"508","Formicinae"
"509","Formicinae"
"510","Formicinae"
"511","Formicinae"
"512","Formicinae"
"513","Formicinae"
"514","Formicinae"
"515","Formicinae"
"516","Formicinae"
"517","Formicinae"
"518","Formicinae"
"519","Formicinae"
"520","Formicinae"
"521","Formicinae"
"522","Formicinae"
"523","Formicinae"
"524","Formicinae"
"525","Formicinae"
"526","Formicinae"
"527","Formicinae"
"528","Formicinae"
"529","Formicinae"
"530","Formicinae"
"531","Formicinae"
"532","Formicinae"
"533","Formicinae"
"534","Formicinae"
"535","Formicinae"
"536","Formicinae"
"537","Formicinae"
"538","Formicinae"
"539","Formicinae"
"540","Formicinae"
"541","Formicinae"
"542","Formicinae"
"543","Formicinae"
"544","Formicinae"
"545","Formicinae"
"546","Formicinae"
"547","Formicinae"
"548","Formicinae"
"549","Formicinae"
"550","Formicinae"
"551","Formicinae"
"552","Formicinae"
"553","Formicinae"
"554","Formicinae"
"555","Formicinae"
"556","Formicinae"
"557","Formicinae"
"558","Formicinae"
"559","Formicinae"
"560","Formicinae"
"561","Formicinae"
"562","Formicinae"
"563","Formicinae"
"564","Formicinae"
"565","Formicinae"
"566","Formicinae"
"567","Formicinae"
"568","Formicinae"
"569","Formicinae"
"570","Formicinae"
"571","Formicinae"
"572","Formicinae"
"573","Formicinae"
"574","Formicinae"
"575","Formicinae"
"576","Formicinae"
"577","Formicinae"
"578","Formicinae"
"579","Formicinae"
"580","Formicinae"
"581","Formicinae"
"582","Formicinae"
"583","Formicinae"
"584","Formicinae"
"585","Formicinae"
"586","Formicinae"
"587","Formicinae"
"588","Formicinae"
"589","Formicinae"
"590","Formicinae"
"591","Formicinae"
"592","Formicinae"
"593","Formicinae"
"594","Formicinae"
"595","Formicinae"
"596","Formicinae"
"597","Formicinae"
"598","Formicinae"
"599","Formicinae"
"600","Formicinae"
"601","Formicinae"
"602","Formicinae"
"603","Formicinae"
"604","Formicinae"
"605","Formicinae"
"606","Formicinae"
"607","Formicinae"
"608","Formicinae"
"609","Formicinae"
"610","Formicinae"
"611","Formicinae"
"612","Formicinae"
"613","Formicinae"
"614","Formicinae"
"615","Formicinae"
"616","Formicinae"
"617","Formicinae"
"618","Formicinae"
"619","Formicinae"
"620","Formicinae"
"621","Formicinae"
"622","Formicinae"
"623","Formicinae"
"624","Formicinae"
"625","Formicinae"
"626","Formicinae"
"627","Formicinae"
"628","Formicinae"
"629","Formicinae"
"630","Formicinae"
"631","Formicinae"
"632","Formicinae"
"633","Formicinae"
"634","Formicinae"
"635","Formicinae"
"636","Formicinae"
"637","Formicinae"
"638","Formicinae"
"639","Formicinae"
"640","Formicinae"
"641","Formicinae"
"642","Formicinae"
"643","Formicinae"
"644","Formicinae"
"645","Formicinae"
"646","Formicinae"
"647","Formicinae"
"648","Formicinae"
"649","Formicinae"
"650","Formicinae"
"651","Formicinae"
"652","Formicinae"
"653","Formicinae"
"654","Formicinae"
"655","Formicinae"
"656","Formicinae"
"657","Formicinae"
"658","Formicinae"
"659","Formicinae"
"660","Formicinae"
"661","Formicinae"
"662","Formicinae"
"663","Formicinae"
"664","Formicinae"
"665","Formicinae"
"666","Formicinae"
"667","Formicinae"
"668","Formicinae"
"669","Formicinae"
"670","Formicinae"
"671","Formicinae"
"672","Formicinae"
"673","Formicinae"
"674","Formicinae"
"675","Formicinae"
"676","Formicinae"
"677","Formicinae"
"678","Formicinae"
"679","Formicinae"
"680","Formicinae"
"681","Formicinae"
"682","Formicinae"
"683","Formicinae"
"684","Formicinae"
"685","Formicinae"
"686","Formicinae"
"687","Formicinae"
"688","Formicinae"
"689","Formicinae"
"690","Formicinae"
"691","Formicinae"
"692","Formicinae"
"693","Formicinae"
"694","Formicinae"
"695","Myrmicinae"
"696","Myrmicinae"
"697","Myrmicinae"
"698","Myrmicinae"
"699","Myrmicinae"
"700","Myrmicinae"
"701","Myrmicinae"
"702","Myrmicinae"
"703","Myrmicinae"
"704","Myrmicinae"
"705","Myrmicinae"
"706","Myrmicinae"
"707","Myrmicinae"
"708","Myrmicinae"
"709","Myrmicinae"
"710","Myrmicinae"
"711","Myrmicinae"
"712","Myrmicinae"
"713","Myrmicinae"
"714","Myrmicinae"
"715","Myrmicinae"
"716","Myrmicinae"
"717","Myrmicinae"
"718","Myrmicinae"
"719","Myrmicinae"
"720","Myrmicinae"
"721","Myrmicinae"
"722","Myrmicinae"
"723","Myrmicinae"
"724","Myrmicinae"
"725","Myrmicinae"
"726","Myrmicinae"
"727","Myrmicinae"
"728","Myrmicinae"
"729","Myrmicinae"
"730","Myrmicinae"
"731","Myrmicinae"
"732","Myrmicinae"
"733","Myrmicinae"
"734","Myrmicinae"
"735","Myrmicinae"
"736","Myrmicinae"
"737","Myrmicinae"
"738","Myrmicinae"
"739","Myrmicinae"
"740","Myrmicinae"
"741","Myrmicinae"
"742","Myrmicinae"
"743","Myrmicinae"
"744","Myrmicinae"
"745","Myrmicinae"
"746","Myrmicinae"
"747","Myrmicinae"
"748","Myrmicinae"
"749","Myrmicinae"
"750","Myrmicinae"
"751","Myrmicinae"
"752","Myrmicinae"
"753","Myrmicinae"
"754","Myrmicinae"
"755","Myrmicinae"
"756","Myrmicinae"
"757","Formicinae"
"758","Formicinae"
"759","Formicinae"
"760","Formicinae"
"761","Formicinae"
"762","Formicinae"
"763","Formicinae"
"764","Formicinae"
"765","Formicinae"
"766","Formicinae"
"767","Formicinae"
"768","Formicinae"
"769","Formicinae"
"770","Formicinae"
"771","Formicinae"
"772","Formicinae"
"773","Formicinae"
"774","Formicinae"
"775","Formicinae"
"776","Formicinae"
"777","Formicinae"
"778","Formicinae"
"779","Formicinae"
"780","Formicinae"
"781","Formicinae"
"782","Formicinae"
"783","Formicinae"
"784","Formicinae"
"785","Formicinae"
"786","Formicinae"
"787","Formicinae"
"788","Formicinae"
"789","Formicinae"
"790","Formicinae"
"791","Formicinae"
"792","Formicinae"
"793","Formicinae"
"794","Formicinae"
"795","Formicinae"
"796","Formicinae"
"797","Formicinae"
"798","Formicinae"
"799","Formicinae"
"800",NA
"801","Myrmicinae"
"802","Myrmicinae"
"803","Myrmicinae"
"804","Myrmicinae"
"805","Myrmicinae"
"806","Myrmicinae"
"807","Myrmicinae"
"808","Ponerinae"
"809","Ponerinae"
"810","Ponerinae"
"811","Myrmicinae"
"812","Myrmicinae"
"813","Myrmicinae"
"814","Myrmicinae"
"815","Myrmicinae"
"816","Myrmicinae"
"817","Myrmicinae"
"818","Myrmicinae"
"819","Myrmicinae"
"820","Myrmicinae"
"821","Myrmicinae"
"822","Myrmicinae"
"823","Myrmicinae"
"824","Myrmicinae"
"825","Myrmicinae"
"826","Myrmicinae"
"827","Myrmicinae"
"828","Myrmicinae"
"829","Myrmicinae"
"830","Myrmicinae"
"831","Cerapachyinae"
"832","Cerapachyinae"
"833","Cerapachyinae"
"834","Cerapachyinae"
"835","Cerapachyinae"
"836","Cerapachyinae"
"837","Cerapachyinae"
"838","Cerapachyinae"
"839","Cerapachyinae"
"840","Cerapachyinae"
"841","Cerapachyinae"
"842","Cerapachyinae"
"843","Cerapachyinae"
"844","Cerapachyinae"
"845","Cerapachyinae"
"846","Cerapachyinae"
"847","Cerapachyinae"
"848","Cerapachyinae"
"849","Cerapachyinae"
"850","Cerapachyinae"
"851","Cerapachyinae"
"852","Cerapachyinae"
"853","Cerapachyinae"
"854","Cerapachyinae"
"855","Cerapachyinae"
"856","Cerapachyinae"
"857","Cerapachyinae"
"858","Cerapachyinae"
"859","Myrmicinae"
"860",NA
"861","Ecitoninae"
"862","Ecitoninae"
"863","Ecitoninae"
"864",NA
"865","Formicinae"
"866","Formicinae"
"867","Formicinae"
"868","Formicinae"
"869","Formicinae"
"870","Myrmicinae"
"871","Myrmicinae"
"872","Myrmicinae"
"873","Myrmicinae"
"874","Myrmicinae"
"875","Myrmicinae"
"876","Myrmicinae"
"877","Myrmicinae"
"878","Myrmicinae"
"879","Myrmicinae"
"880","Myrmicinae"
"881","Myrmicinae"
"882","Myrmicinae"
"883","Myrmicinae"
"884","Myrmicinae"
"885","Myrmicinae"
"886","Myrmicinae"
"887","Myrmicinae"
"888","Myrmicinae"
"889","Myrmicinae"
"890","Myrmicinae"
"891","Myrmicinae"
"892","Myrmicinae"
"893","Myrmicinae"
"894","Myrmicinae"
"895","Myrmicinae"
"896","Myrmicinae"
"897","Myrmicinae"
"898","Myrmicinae"
"899","Myrmicinae"
"900","Myrmicinae"
"901","Myrmicinae"
"902","Myrmicinae"
"903","Myrmicinae"
"904","Myrmicinae"
"905","Myrmicinae"
"906","Myrmicinae"
"907","Myrmicinae"
"908","Myrmicinae"
"909","Myrmicinae"
"910","Myrmicinae"
"911","Myrmicinae"
"912","Myrmicinae"
"913","Myrmicinae"
"914","Myrmicinae"
"915","Myrmicinae"
"916","Myrmicinae"
"917","Myrmicinae"
"918","Myrmicinae"
"919","Myrmicinae"
"920","Myrmicinae"
"921","Myrmicinae"
"922","Myrmicinae"
"923","Myrmicinae"
"924","Myrmicinae"
"925","Myrmicinae"
"926","Myrmicinae"
"927","Myrmicinae"
"928","Myrmicinae"
"929","Myrmicinae"
"930","Myrmicinae"
"931","Myrmicinae"
"932","Myrmicinae"
"933","Myrmicinae"
"934","Myrmicinae"
"935","Myrmicinae"
"936","Myrmicinae"
"937","Myrmicinae"
"938","Myrmicinae"
"939","Myrmicinae"
"940","Myrmicinae"
"941","Myrmicinae"
"942","Myrmicinae"
"943","Myrmicinae"
"944","Myrmicinae"
"945","Myrmicinae"
"946","Myrmicinae"
"947","Myrmicinae"
"948","Myrmicinae"
"949","Myrmicinae"
"950","Myrmicinae"
"951","Myrmicinae"
"952","Myrmicinae"
"953","Myrmicinae"
"954","Myrmicinae"
"955","Myrmicinae"
"956","Myrmicinae"
"957","Myrmicinae"
"958","Myrmicinae"
"959","Myrmicinae"
"960","Myrmicinae"
"961","Myrmicinae"
"962","Myrmicinae"
"963","Myrmicinae"
"964","Myrmicinae"
"965","Myrmicinae"
"966","Myrmicinae"
"967","Myrmicinae"
"968","Myrmicinae"
"969","Myrmicinae"
"970","Myrmicinae"
"971","Myrmicinae"
"972","Myrmicinae"
"973","Myrmicinae"
"974","Myrmicinae"
"975","Myrmicinae"
"976","Myrmicinae"
"977","Myrmicinae"
"978","Myrmicinae"
"979","Myrmicinae"
"980","Myrmicinae"
"981","Myrmicinae"
"982","Myrmicinae"
"983","Myrmicinae"
"984","Myrmicinae"
"985","Myrmicinae"
"986","Myrmicinae"
"987","Myrmicinae"
"988","Myrmicinae"
"989","Myrmicinae"
"990","Myrmicinae"
"991","Myrmicinae"
"992","Myrmicinae"
"993","Myrmicinae"
"994","Myrmicinae"
"995","Myrmicinae"
"996","Myrmicinae"
"997","Myrmicinae"
"998","Myrmicinae"
"999","Myrmicinae"
"1000","Myrmicinae"
"1001","Myrmicinae"
"1002","Myrmicinae"
"1003","Myrmicinae"
"1004","Myrmicinae"
"1005","Myrmicinae"
"1006","Myrmicinae"
"1007","Myrmicinae"
"1008","Myrmicinae"
"1009","Ponerinae"
"1010","Ponerinae"
"1011","Ponerinae"
"1012","Ponerinae"
"1013","Ponerinae"
"1014","Ponerinae"
"1015","Ponerinae"
"1016","Ponerinae"
"1017","Ponerinae"
"1018",NA
"1019",NA
"1020","Cerapachyinae"
"1021","Cerapachyinae"
"1022","Myrmicinae"
"1023","Myrmicinae"
"1024","Myrmicinae"
"1025","Myrmicinae"
"1026","Myrmicinae"
"1027","Myrmicinae"
"1028","Myrmicinae"
"1029","Myrmicinae"
"1030","Myrmicinae"
"1031","Myrmicinae"
"1032","Myrmicinae"
"1033","Myrmicinae"
"1034","Myrmicinae"
"1035","Myrmicinae"
"1036","Myrmicinae"
"1037","Myrmicinae"
"1038","Myrmicinae"
"1039","Myrmicinae"
"1040","Myrmicinae"
"1041","Myrmicinae"
"1042","Myrmicinae"
"1043","Ponerinae"
"1044","Ponerinae"
"1045","Ponerinae"
"1046","Ponerinae"
"1047","Ponerinae"
"1048","Ponerinae"
"1049","Ponerinae"
"1050","Ponerinae"
"1051","Ponerinae"
"1052","Ponerinae"
"1053",NA
"1054","Myrmicinae"
"1055","Myrmicinae"
"1056","Myrmicinae"
"1057","Myrmicinae"
"1058","Myrmicinae"
"1059","Myrmicinae"
"1060","Myrmicinae"
"1061","Myrmicinae"
"1062","Ponerinae"
"1063","Ponerinae"
"1064","Ponerinae"
"1065","Ponerinae"
"1066","Ponerinae"
"1067","Ponerinae"
"1068","Ponerinae"
"1069","Ponerinae"
"1070","Ponerinae"
"1071","Ponerinae"
"1072","Ponerinae"
"1073","Ponerinae"
"1074","Ponerinae"
"1075","Ponerinae"
"1076","Ponerinae"
"1077","Ponerinae"
"1078","Ponerinae"
"1079","Ponerinae"
"1080","Ponerinae"
"1081","Ponerinae"
"1082","Ponerinae"
"1083","Ponerinae"
"1084","Sphecomyrminae"
"1085","Dolichoderinae"
"1086","Dolichoderinae"
"1087","Dolichoderinae"
"1088","Dolichoderinae"
"1089","Dolichoderinae"
"1090","Dolichoderinae"
"1091","Dolichoderinae"
"1092","Dolichoderinae"
"1093","Dolichoderinae"
"1094","Dolichoderinae"
"1095","Dolichoderinae"
"1096","Dolichoderinae"
"1097","Dolichoderinae"
"1098","Dolichoderinae"
"1099","Dolichoderinae"
"1100","Dolichoderinae"
"1101","Dolichoderinae"
"1102","Dolichoderinae"
"1103","Dolichoderinae"
"1104","Dolichoderinae"
"1105","Dolichoderinae"
"1106","Dolichoderinae"
"1107","Dolichoderinae"
"1108","Dolichoderinae"
"1109","Dolichoderinae"
"1110","Dolichoderinae"
"1111","Dolichoderinae"
"1112","Dolichoderinae"
"1113","Dolichoderinae"
"1114","Dolichoderinae"
"1115","Dolichoderinae"
"1116","Dolichoderinae"
"1117","Dolichoderinae"
"1118","Dolichoderinae"
"1119",NA
"1120","Dorylinae"
"1121","Dorylinae"
"1122","Dorylinae"
"1123","Dorylinae"
"1124","Dorylinae"
"1125","Dorylinae"
"1126","Dorylinae"
"1127","Dorylinae"
"1128","Dorylinae"
"1129","Dorylinae"
"1130","Dorylinae"
"1131","Dorylinae"
"1132","Dorylinae"
"1133","Dorylinae"
"1134","Dolichoderinae"
"1135","Dolichoderinae"
"1136","Dolichoderinae"
"1137","Dolichoderinae"
"1138","Dolichoderinae"
"1139","Dolichoderinae"
"1140","Dolichoderinae"
"1141","Dolichoderinae"
"1142","Dolichoderinae"
"1143","Dolichoderinae"
"1144","Dolichoderinae"
"1145","Dolichoderinae"
"1146","Dolichoderinae"
"1147","Dolichoderinae"
"1148","Dolichoderinae"
"1149","Dolichoderinae"
"1150","Dolichoderinae"
"1151","Dolichoderinae"
"1152","Dolichoderinae"
"1153","Formicinae"
"1154","Formicinae"
"1155","Formicinae"
"1156","Formicinae"
"1157","Formicinae"
"1158","Formicinae"
"1159","Ecitoninae"
"1160","Ecitoninae"
"1161","Ecitoninae"
"1162","Ecitoninae"
"1163","Ecitoninae"
"1164","Ecitoninae"
"1165","Ecitoninae"
"1166","Ecitoninae"
"1167","Ponerinae"
"1168","Ponerinae"
"1169","Ponerinae"
"1170","Ponerinae"
"1171","Ponerinae"
"1172","Ponerinae"
"1173","Ponerinae"
"1174","Ponerinae"
"1175","Ponerinae"
"1176","Ponerinae"
"1177","Ponerinae"
"1178","Ponerinae"
"1179","Ponerinae"
"1180","Ponerinae"
"1181",NA
"1182",NA
"1183",NA
"1184",NA
"1185",NA
"1186",NA
"1187","Ponerinae"
"1188","Ponerinae"
"1189","Myrmicinae"
"1190","Myrmicinae"
"1191","Myrmicinae"
"1192","Myrmicinae"
"1193",NA
"1194","Myrmicinae"
"1195","Myrmicinae"
"1196","Formicinae"
"1197","Formicinae"
"1198","Formicinae"
"1199","Myrmicinae"
"1200","Myrmicinae"
"1201","Myrmicinae"
"1202","Myrmicinae"
"1203","Myrmicinae"
"1204","Myrmicinae"
"1205","Myrmicinae"
"1206","Myrmicinae"
"1207","Myrmicinae"
"1208","Myrmicinae"
"1209","Myrmicinae"
"1210","Myrmicinae"
"1211","Dolichoderinae"
"1212","Dolichoderinae"
"1213","Dolichoderinae"
"1214","Dolichoderinae"
"1215","Dolichoderinae"
"1216","Dolichoderinae"
"1217","Dolichoderinae"
"1218","Dolichoderinae"
"1219","Dolichoderinae"
"1220","Dolichoderinae"
"1221","Dolichoderinae"
"1222","Formicinae"
"1223","Formicinae"
"1224","Formicinae"
"1225","Formicinae"
"1226","Formicinae"
"1227","Formicinae"
"1228","Formicinae"
"1229","Formicinae"
"1230","Formicinae"
"1231","Formicinae"
"1232","Formicinae"
"1233","Formicinae"
"1234","Formicinae"
"1235","Formicinae"
"1236","Formicinae"
"1237","Formicinae"
"1238","Formicinae"
"1239","Formicinae"
"1240","Formicinae"
"1241","Formicinae"
"1242","Formicinae"
"1243","Formicinae"
"1244","Formicinae"
"1245","Formicinae"
"1246","Formicinae"
"1247","Formicinae"
"1248","Formicinae"
"1249","Formicinae"
"1250","Formicinae"
"1251","Formicinae"
"1252","Formicinae"
"1253","Formicinae"
"1254","Formicinae"
"1255","Formicinae"
"1256","Formicinae"
"1257","Formicinae"
"1258","Formicinae"
"1259","Formicinae"
"1260","Formicinae"
"1261","Formicinae"
"1262","Formicinae"
"1263","Formicinae"
"1264","Formicinae"
"1265","Formicinae"
"1266","Formicinae"
"1267","Formicinae"
"1268","Formicinae"
"1269","Formicinae"
"1270","Formicinae"
"1271","Formicinae"
"1272","Formicinae"
"1273","Formicinae"
"1274","Formicinae"
"1275","Formicinae"
"1276","Formicinae"
"1277","Formicinae"
"1278","Formicinae"
"1279","Formicinae"
"1280","Formicinae"
"1281","Formicinae"
"1282","Formicinae"
"1283","Formicinae"
"1284","Formicinae"
"1285","Formicinae"
"1286","Formicinae"
"1287","Formicinae"
"1288","Formicinae"
"1289","Formicinae"
"1290","Formicinae"
"1291","Formicinae"
"1292","Formicinae"
"1293","Formicinae"
"1294","Formicinae"
"1295","Formicinae"
"1296","Formicinae"
"1297","Formicinae"
"1298","Formicinae"
"1299","Formicinae"
"1300","Formicinae"
"1301","Formicinae"
"1302","Formicinae"
"1303","Formicinae"
"1304","Formicinae"
"1305","Formicinae"
"1306","Formicinae"
"1307","Formicinae"
"1308","Formicinae"
"1309","Formicinae"
"1310","Formicinae"
"1311","Formicinae"
"1312","Formicinae"
"1313","Formicinae"
"1314","Formicinae"
"1315","Formicinae"
"1316","Formicinae"
"1317","Formicinae"
"1318","Formicinae"
"1319","Formicinae"
"1320","Formicinae"
"1321","Formicinae"
"1322","Formicinae"
"1323","Formicinae"
"1324","Formicinae"
"1325","Formicinae"
"1326","Formicinae"
"1327","Formicinae"
"1328","Formicinae"
"1329","Formicinae"
"1330","Formicinae"
"1331","Formicinae"
"1332","Formicinae"
"1333","Formicinae"
"1334","Formicinae"
"1335","Formicinae"
"1336","Formicinae"
"1337","Formicinae"
"1338","Formicinae"
"1339","Formicinae"
"1340","Formicinae"
"1341","Formicinae"
"1342","Formicinae"
"1343","Formicinae"
"1344","Formicinae"
"1345","Formicinae"
"1346","Formicinae"
"1347","Formicinae"
"1348","Formicinae"
"1349","Formicinae"
"1350","Formicinae"
"1351","Formicinae"
"1352","Myrmicinae"
"1353","Myrmicinae"
"1354","Myrmicinae"
"1355","Myrmicinae"
"1356","Myrmicinae"
"1357","Dolichoderinae"
"1358",NA
"1359","Formicinae"
"1360","Formicinae"
"1361","Formicinae"
"1362","Formicinae"
"1363","Formicinae"
"1364","Ponerinae"
"1365","Ponerinae"
"1366","Ponerinae"
"1367","Ponerinae"
"1368","Ponerinae"
"1369","Ponerinae"
"1370","Ponerinae"
"1371","Ponerinae"
"1372","Ponerinae"
"1373","Ponerinae"
"1374","Ponerinae"
"1375","Ponerinae"
"1376","Ponerinae"
"1377","Ponerinae"
"1378","Ponerinae"
"1379","Ponerinae"
"1380","Ponerinae"
"1381","Ponerinae"
"1382","Ponerinae"
"1383","Ponerinae"
"1384","Ponerinae"
"1385","Ponerinae"
"1386","Ponerinae"
"1387","Ponerinae"
"1388","Ponerinae"
"1389","Ponerinae"
"1390","Ponerinae"
"1391","Ponerinae"
"1392","Ponerinae"
"1393","Ponerinae"
"1394","Ponerinae"
"1395","Myrmicinae"
"1396","Myrmicinae"
"1397","Myrmicinae"
"1398","Myrmicinae"
"1399","Myrmicinae"
"1400","Myrmicinae"
"1401",NA
"1402",NA
"1403","Myrmicinae"
"1404","Myrmicinae"
"1405","Ponerinae"
"1406","Ponerinae"
"1407","Ponerinae"
"1408","Ponerinae"
"1409","Ponerinae"
"1410","Ponerinae"
"1411","Myrmicinae"
"1412","Ponerinae"
"1413","Ponerinae"
"1414","Ponerinae"
"1415","Ponerinae"
"1416","Ponerinae"
"1417","Ponerinae"
"1418","Ponerinae"
"1419","Ponerinae"
"1420","Ponerinae"
"1421","Ponerinae"
"1422","Ponerinae"
"1423","Ponerinae"
"1424","Ponerinae"
"1425","Ponerinae"
"1426","Ponerinae"
"1427","Ponerinae"
"1428","Ponerinae"
"1429","Ponerinae"
"1430","Ponerinae"
"1431","Ponerinae"
"1432","Ponerinae"
"1433","Ponerinae"
"1434","Ponerinae"
"1435","Ponerinae"
"1436","Ponerinae"
"1437","Ponerinae"
"1438","Ponerinae"
"1439","Ponerinae"
"1440","Ponerinae"
"1441","Ponerinae"
"1442",NA
"1443","Myrmicinae"
"1444","Dolichoderinae"
"1445","Dolichoderinae"
"1446","Dolichoderinae"
"1447","Dolichoderinae"
"1448","Dolichoderinae"
"1449","Dolichoderinae"
"1450","Dolichoderinae"
"1451","Dolichoderinae"
"1452","Dolichoderinae"
"1453","Dolichoderinae"
"1454","Dolichoderinae"
"1455","Dolichoderinae"
"1456","Dolichoderinae"
"1457","Dolichoderinae"
"1458","Dolichoderinae"
"1459","Dolichoderinae"
"1460","Dolichoderinae"
"1461","Dolichoderinae"
"1462","Dolichoderinae"
"1463","Dolichoderinae"
"1464",NA
"1465","Myrmicinae"
"1466","Myrmicinae"
"1467","Myrmicinae"
"1468","Ecitoninae"
"1469","Ecitoninae"
"1470","Ecitoninae"
"1471","Ecitoninae"
"1472","Myrmicinae"
"1473","Myrmicinae"
"1474",NA
"1475","Formicinae"
"1476","Formicinae"
"1477","Formicinae"
"1478","Formicinae"
"1479","Formicinae"
"1480","Formicinae"
"1481","Formicinae"
"1482","Formicinae"
"1483","Formicinae"
"1484","Formicinae"
"1485","Formicinae"
"1486","Formicinae"
"1487","Formicinae"
"1488","Formicinae"
"1489","Formicinae"
"1490","Formicinae"
"1491","Formicinae"
"1492","Formicinae"
"1493","Formicinae"
"1494","Formicinae"
"1495","Formicinae"
"1496","Formicinae"
"1497","Formicinae"
"1498","Formicinae"
"1499","Formicinae"
"1500","Formicinae"
"1501","Formicinae"
"1502","Formicinae"
"1503","Formicinae"
"1504","Formicinae"
"1505","Formicinae"
"1506","Formicinae"
"1507","Formicinae"
"1508","Formicinae"
"1509","Formicinae"
"1510","Formicinae"
"1511","Formicinae"
"1512","Formicinae"
"1513","Formicinae"
"1514","Formicinae"
"1515","Formicinae"
"1516","Formicinae"
"1517","Formicinae"
"1518","Formicinae"
"1519","Formicinae"
"1520","Formicinae"
"1521","Formicinae"
"1522","Formicinae"
"1523","Formicinae"
"1524","Formicinae"
"1525","Formicinae"
"1526","Formicinae"
"1527","Formicinae"
"1528","Formicinae"
"1529","Formicinae"
"1530","Formicinae"
"1531","Formicinae"
"1532","Formicinae"
"1533","Formicinae"
"1534","Formicinae"
"1535","Formicinae"
"1536","Formicinae"
"1537","Formicinae"
"1538","Formicinae"
"1539","Formicinae"
"1540","Formicinae"
"1541","Formicinae"
"1542","Formicinae"
"1543","Myrmicinae"
"1544","Myrmicinae"
"1545","Formicinae"
"1546","Formicinae"
"1547","Formicinae"
"1548","Formicinae"
"1549","Formicinae"
"1550","Formicinae"
"1551","Formicinae"
"1552","Formicinae"
"1553","Formicinae"
"1554","Formicinae"
"1555","Formicinae"
"1556","Formicinae"
"1557","Formicinae"
"1558","Formicinae"
"1559","Formicinae"
"1560","Formicinae"
"1561","Formicinae"
"1562","Formicinae"
"1563","Formicinae"
"1564","Formicinae"
"1565","Formicinae"
"1566","Formicinae"
"1567","Formicinae"
"1568","Formicinae"
"1569","Leptanillinae"
"1570","Leptanillinae"
"1571","Leptanillinae"
"1572","Leptanillinae"
"1573","Leptanillinae"
"1574","Leptanillinae"
"1575","Leptanillinae"
"1576","Leptanillinae"
"1577","Leptanillinae"
"1578","Leptanillinae"
"1579","Leptanillinae"
"1580","Leptanillinae"
"1581","Leptanillinae"
"1582","Leptanillinae"
"1583","Leptanillinae"
"1584","Leptanillinae"
"1585","Leptanillinae"
"1586","Leptanilloidinae"
"1587","Leptanilloidinae"
"1588","Leptanilloidinae"
"1589","Leptanilloidinae"
"1590","Leptanilloidinae"
"1591","Leptanilloidinae"
"1592","Ponerinae"
"1593","Ponerinae"
"1594","Ponerinae"
"1595","Ponerinae"
"1596","Ponerinae"
"1597","Ponerinae"
"1598","Ponerinae"
"1599","Ponerinae"
"1600","Ponerinae"
"1601","Ponerinae"
"1602","Ponerinae"
"1603","Ponerinae"
"1604","Ponerinae"
"1605","Ponerinae"
"1606","Ponerinae"
"1607","Ponerinae"
"1608","Ponerinae"
"1609","Ponerinae"
"1610","Ponerinae"
"1611","Ponerinae"
"1612","Ponerinae"
"1613","Ponerinae"
"1614","Ponerinae"
"1615","Ponerinae"
"1616","Ponerinae"
"1617","Ponerinae"
"1618","Ponerinae"
"1619","Ponerinae"
"1620","Ponerinae"
"1621","Ponerinae"
"1622","Ponerinae"
"1623","Ponerinae"
"1624","Ponerinae"
"1625","Ponerinae"
"1626","Ponerinae"
"1627","Dolichoderinae"
"1628","Dolichoderinae"
"1629","Dolichoderinae"
"1630","Myrmicinae"
"1631","Myrmicinae"
"1632","Myrmicinae"
"1633","Myrmicinae"
"1634","Myrmicinae"
"1635","Myrmicinae"
"1636","Myrmicinae"
"1637","Myrmicinae"
"1638","Myrmicinae"
"1639","Myrmicinae"
"1640","Myrmicinae"
"1641","Myrmicinae"
"1642","Myrmicinae"
"1643","Dolichoderinae"
"1644","Dolichoderinae"
"1645","Dolichoderinae"
"1646","Dolichoderinae"
"1647","Dolichoderinae"
"1648","Dolichoderinae"
"1649","Dolichoderinae"
"1650","Dolichoderinae"
"1651","Dolichoderinae"
"1652","Dolichoderinae"
"1653","Dolichoderinae"
"1654","Dolichoderinae"
"1655","Dolichoderinae"
"1656","Dolichoderinae"
"1657","Dolichoderinae"
"1658","Dolichoderinae"
"1659","Myrmicinae"
"1660","Ponerinae"
"1661","Myrmicinae"
"1662","Myrmicinae"
"1663","Myrmicinae"
"1664","Myrmicinae"
"1665","Myrmicinae"
"1666","Myrmicinae"
"1667","Myrmicinae"
"1668","Myrmicinae"
"1669","Myrmicinae"
"1670","Myrmicinae"
"1671","Myrmicinae"
"1672","Myrmicinae"
"1673","Myrmicinae"
"1674","Myrmicinae"
"1675","Myrmicinae"
"1676","Myrmicinae"
"1677","Myrmicinae"
"1678","Dolichoderinae"
"1679",NA
"1680","Myrmicinae"
"1681","Myrmicinae"
"1682","Myrmicinae"
"1683","Myrmicinae"
"1684","Myrmicinae"
"1685",NA
"1686","Myrmicinae"
"1687","Myrmicinae"
"1688","Myrmicinae"
"1689","Myrmicinae"
"1690","Myrmicinae"
"1691","Myrmicinae"
"1692","Myrmicinae"
"1693","Myrmicinae"
"1694","Myrmicinae"
"1695","Myrmicinae"
"1696","Myrmicinae"
"1697","Myrmicinae"
"1698","Myrmicinae"
"1699","Myrmicinae"
"1700","Myrmicinae"
"1701","Myrmicinae"
"1702","Myrmicinae"
"1703","Myrmicinae"
"1704","Myrmicinae"
"1705","Myrmicinae"
"1706","Myrmicinae"
"1707","Myrmicinae"
"1708","Formicinae"
"1709","Formicinae"
"1710","Formicinae"
"1711","Formicinae"
"1712","Formicinae"
"1713","Myrmicinae"
"1714","Myrmicinae"
"1715","Myrmicinae"
"1716","Myrmicinae"
"1717","Myrmicinae"
"1718","Myrmicinae"
"1719","Myrmicinae"
"1720","Myrmicinae"
"1721","Myrmicinae"
"1722","Myrmicinae"
"1723","Myrmicinae"
"1724","Myrmicinae"
"1725","Myrmicinae"
"1726","Myrmicinae"
"1727","Myrmicinae"
"1728","Myrmicinae"
"1729","Myrmicinae"
"1730",NA
"1731",NA
"1732",NA
"1733","Myrmicinae"
"1734","Myrmicinae"
"1735","Myrmicinae"
"1736","Myrmicinae"
"1737","Myrmicinae"
"1738","Myrmicinae"
"1739","Myrmicinae"
"1740","Myrmicinae"
"1741","Myrmicinae"
"1742","Myrmicinae"
"1743","Myrmicinae"
"1744","Myrmicinae"
"1745","Myrmicinae"
"1746","Myrmicinae"
"1747","Myrmicinae"
"1748","Myrmicinae"
"1749","Myrmicinae"
"1750","Myrmicinae"
"1751","Myrmicinae"
"1752","Myrmicinae"
"1753","Myrmicinae"
"1754","Myrmicinae"
"1755","Myrmicinae"
"1756","Myrmicinae"
"1757","Myrmicinae"
"1758","Myrmicinae"
"1759","Myrmicinae"
"1760","Myrmicinae"
"1761","Myrmicinae"
"1762","Myrmicinae"
"1763","Myrmicinae"
"1764","Myrmicinae"
"1765","Myrmicinae"
"1766","Myrmicinae"
"1767","Myrmicinae"
"1768","Myrmicinae"
"1769","Myrmicinae"
"1770","Myrmicinae"
"1771","Myrmicinae"
"1772","Myrmicinae"
"1773","Myrmicinae"
"1774","Myrmicinae"
"1775","Myrmicinae"
"1776","Myrmicinae"
"1777","Myrmicinae"
"1778","Myrmicinae"
"1779","Myrmicinae"
"1780","Myrmicinae"
"1781","Myrmicinae"
"1782","Myrmicinae"
"1783","Myrmicinae"
"1784","Myrmicinae"
"1785","Myrmicinae"
"1786","Myrmicinae"
"1787","Myrmicinae"
"1788","Myrmicinae"
"1789","Myrmicinae"
"1790","Myrmicinae"
"1791","Myrmicinae"
"1792","Myrmicinae"
"1793","Myrmicinae"
"1794","Myrmicinae"
"1795","Myrmicinae"
"1796","Myrmicinae"
"1797","Myrmicinae"
"1798","Myrmicinae"
"1799","Myrmicinae"
"1800","Myrmicinae"
"1801","Myrmicinae"
"1802","Myrmicinae"
"1803","Myrmicinae"
"1804","Myrmicinae"
"1805","Myrmicinae"
"1806","Myrmicinae"
"1807","Myrmicinae"
"1808","Myrmicinae"
"1809","Myrmicinae"
"1810","Myrmicinae"
"1811","Myrmicinae"
"1812","Myrmicinae"
"1813","Myrmicinae"
"1814","Myrmicinae"
"1815","Myrmicinae"
"1816","Myrmicinae"
"1817","Myrmicinae"
"1818","Myrmicinae"
"1819","Myrmicinae"
"1820","Myrmicinae"
"1821","Myrmicinae"
"1822","Myrmicinae"
"1823","Myrmicinae"
"1824","Myrmicinae"
"1825","Myrmicinae"
"1826","Myrmicinae"
"1827","Myrmicinae"
"1828","Myrmicinae"
"1829","Myrmicinae"
"1830","Myrmicinae"
"1831","Myrmicinae"
"1832","Myrmicinae"
"1833","Myrmicinae"
"1834","Myrmicinae"
"1835","Myrmicinae"
"1836","Myrmicinae"
"1837","Myrmicinae"
"1838","Myrmicinae"
"1839","Myrmicinae"
"1840","Myrmicinae"
"1841","Myrmicinae"
"1842","Myrmicinae"
"1843","Myrmicinae"
"1844","Myrmicinae"
"1845","Myrmicinae"
"1846","Myrmicinae"
"1847","Myrmicinae"
"1848","Myrmicinae"
"1849","Myrmicinae"
"1850","Myrmicinae"
"1851","Myrmicinae"
"1852","Myrmicinae"
"1853","Myrmicinae"
"1854","Myrmicinae"
"1855","Myrmicinae"
"1856","Myrmicinae"
"1857","Myrmicinae"
"1858","Myrmicinae"
"1859","Myrmicinae"
"1860","Myrmicinae"
"1861","Myrmicinae"
"1862","Myrmicinae"
"1863","Myrmicinae"
"1864","Myrmicinae"
"1865","Myrmicinae"
"1866","Myrmicinae"
"1867","Myrmicinae"
"1868","Myrmicinae"
"1869","Myrmicinae"
"1870","Myrmicinae"
"1871","Myrmicinae"
"1872","Myrmicinae"
"1873","Myrmicinae"
"1874","Myrmicinae"
"1875","Myrmicinae"
"1876","Myrmicinae"
"1877",NA
"1878",NA
"1879",NA
"1880",NA
"1881","Myrmicinae"
"1882","Myrmicinae"
"1883","Myrmicinae"
"1884","Myrmicinae"
"1885","Myrmicinae"
"1886","Myrmicinae"
"1887","Myrmicinae"
"1888","Myrmicinae"
"1889","Myrmicinae"
"1890","Myrmicinae"
"1891","Myrmicinae"
"1892","Myrmicinae"
"1893","Ponerinae"
"1894","Ponerinae"
"1895","Ponerinae"
"1896","Ponerinae"
"1897","Ponerinae"
"1898","Ponerinae"
"1899","Pseudomyrmecinae"
"1900","Myrmeciinae"
"1901","Myrmeciinae"
"1902","Myrmeciinae"
"1903","Myrmeciinae"
"1904","Myrmeciinae"
"1905","Myrmeciinae"
"1906","Myrmeciinae"
"1907","Myrmeciinae"
"1908","Myrmeciinae"
"1909","Myrmeciinae"
"1910","Myrmeciinae"
"1911","Myrmeciinae"
"1912","Myrmeciinae"
"1913","Myrmeciinae"
"1914","Myrmeciinae"
"1915","Myrmeciinae"
"1916","Myrmeciinae"
"1917","Myrmeciinae"
"1918","Myrmeciinae"
"1919","Myrmeciinae"
"1920","Myrmeciinae"
"1921","Myrmeciinae"
"1922","Myrmeciinae"
"1923","Myrmeciinae"
"1924","Myrmeciinae"
"1925","Myrmeciinae"
"1926","Myrmeciinae"
"1927","Myrmicinae"
"1928","Myrmicinae"
"1929","Myrmicinae"
"1930","Myrmicinae"
"1931","Myrmicinae"
"1932","Myrmicinae"
"1933","Myrmicinae"
"1934","Myrmicinae"
"1935","Formicinae"
"1936","Formicinae"
"1937","Formicinae"
"1938","Formicinae"
"1939","Formicinae"
"1940","Formicinae"
"1941","Formicinae"
"1942","Formicinae"
"1943","Formicinae"
"1944","Formicinae"
"1945","Formicinae"
"1946","Formicinae"
"1947","Formicinae"
"1948","Formicinae"
"1949","Formicinae"
"1950","Formicinae"
"1951","Formicinae"
"1952","Formicinae"
"1953","Formicinae"
"1954","Myrmicinae"
"1955","Myrmicinae"
"1956","Myrmicinae"
"1957","Myrmicinae"
"1958","Myrmicinae"
"1959","Myrmicinae"
"1960","Myrmicinae"
"1961","Myrmicinae"
"1962","Myrmicinae"
"1963","Myrmicinae"
"1964","Myrmicinae"
"1965","Myrmicinae"
"1966","Myrmicinae"
"1967","Myrmicinae"
"1968","Myrmicinae"
"1969","Myrmicinae"
"1970","Myrmicinae"
"1971","Myrmicinae"
"1972","Myrmicinae"
"1973","Myrmicinae"
"1974","Myrmicinae"
"1975","Myrmicinae"
"1976","Myrmicinae"
"1977","Myrmicinae"
"1978","Myrmicinae"
"1979","Myrmicinae"
"1980","Myrmicinae"
"1981","Myrmicinae"
"1982","Myrmicinae"
"1983","Myrmicinae"
"1984","Myrmicinae"
"1985","Myrmicinae"
"1986","Myrmicinae"
"1987","Myrmicinae"
"1988","Myrmicinae"
"1989","Myrmicinae"
"1990","Myrmicinae"
"1991","Myrmicinae"
"1992","Myrmicinae"
"1993","Myrmicinae"
"1994","Myrmicinae"
"1995","Myrmicinae"
"1996","Myrmicinae"
"1997","Myrmicinae"
"1998","Myrmicinae"
"1999","Myrmicinae"
"2000","Myrmicinae"
"2001","Myrmicinae"
"2002","Myrmicinae"
"2003","Myrmicinae"
"2004","Myrmicinae"
"2005","Myrmicinae"
"2006","Myrmicinae"
"2007","Myrmicinae"
"2008","Myrmicinae"
"2009","Myrmicinae"
"2010","Myrmicinae"
"2011","Myrmicinae"
"2012","Myrmicinae"
"2013","Myrmicinae"
"2014","Myrmicinae"
"2015","Myrmicinae"
"2016","Myrmicinae"
"2017","Myrmicinae"
"2018","Myrmicinae"
"2019","Myrmicinae"
"2020","Myrmicinae"
"2021","Myrmicinae"
"2022","Myrmicinae"
"2023","Myrmicinae"
"2024","Myrmicinae"
"2025","Myrmicinae"
"2026","Myrmicinae"
"2027","Myrmicinae"
"2028","Myrmicinae"
"2029","Myrmicinae"
"2030","Myrmicinae"
"2031","Myrmicinae"
"2032","Myrmicinae"
"2033","Myrmicinae"
"2034","Myrmicinae"
"2035","Myrmicinae"
"2036","Myrmicinae"
"2037","Myrmicinae"
"2038","Myrmicinae"
"2039","Myrmicinae"
"2040","Myrmicinae"
"2041","Myrmicinae"
"2042","Myrmicinae"
"2043","Myrmicinae"
"2044","Myrmicinae"
"2045","Myrmicinae"
"2046","Myrmicinae"
"2047","Myrmicinae"
"2048","Myrmicinae"
"2049","Myrmicinae"
"2050","Myrmicinae"
"2051","Myrmicinae"
"2052","Myrmicinae"
"2053","Myrmicinae"
"2054","Myrmicinae"
"2055","Myrmicinae"
"2056","Myrmicinae"
"2057","Myrmicinae"
"2058","Myrmicinae"
"2059","Myrmicinae"
"2060","Myrmicinae"
"2061","Myrmicinae"
"2062","Myrmicinae"
"2063","Myrmicinae"
"2064","Myrmicinae"
"2065","Myrmicinae"
"2066","Myrmicinae"
"2067","Myrmicinae"
"2068","Myrmicinae"
"2069","Myrmicinae"
"2070","Myrmicinae"
"2071","Myrmicinae"
"2072","Myrmicinae"
"2073","Myrmicinae"
"2074","Myrmicinae"
"2075","Myrmicinae"
"2076","Myrmicinae"
"2077","Myrmicinae"
"2078","Formicinae"
"2079","Formicinae"
"2080","Formicinae"
"2081","Formicinae"
"2082","Formicinae"
"2083","Formicinae"
"2084","Formicinae"
"2085","Formicinae"
"2086","Formicinae"
"2087","Formicinae"
"2088","Formicinae"
"2089","Formicinae"
"2090","Formicinae"
"2091","Formicinae"
"2092","Formicinae"
"2093","Formicinae"
"2094","Formicinae"
"2095","Formicinae"
"2096","Formicinae"
"2097","Formicinae"
"2098","Formicinae"
"2099","Formicinae"
"2100",NA
"2101",NA
"2102","Ponerinae"
"2103","Ponerinae"
"2104","Ponerinae"
"2105","Ponerinae"
"2106","Ponerinae"
"2107","Ponerinae"
"2108","Ponerinae"
"2109",NA
"2110","Ecitoninae"
"2111","Ecitoninae"
"2112","Ecitoninae"
"2113","Ecitoninae"
"2114","Ecitoninae"
"2115","Ecitoninae"
"2116","Ecitoninae"
"2117","Ecitoninae"
"2118","Ecitoninae"
"2119","Ecitoninae"
"2120","Ecitoninae"
"2121","Ecitoninae"
"2122","Ecitoninae"
"2123","Ecitoninae"
"2124","Ecitoninae"
"2125","Ecitoninae"
"2126","Ecitoninae"
"2127","Ecitoninae"
"2128","Ecitoninae"
"2129","Ecitoninae"
"2130","Ecitoninae"
"2131","Ecitoninae"
"2132","Ecitoninae"
"2133","Ecitoninae"
"2134","Ecitoninae"
"2135","Ecitoninae"
"2136","Ecitoninae"
"2137","Ecitoninae"
"2138","Ecitoninae"
"2139","Ecitoninae"
"2140","Ecitoninae"
"2141","Ecitoninae"
"2142","Ecitoninae"
"2143","Ecitoninae"
"2144","Ecitoninae"
"2145","Ecitoninae"
"2146",NA
"2147",NA
"2148",NA
"2149",NA
"2150",NA
"2151",NA
"2152",NA
"2153",NA
"2154",NA
"2155",NA
"2156",NA
"2157",NA
"2158","Ecitoninae"
"2159","Nothomyrmeciinae"
"2160","Formicinae"
"2161","Formicinae"
"2162","Formicinae"
"2163","Formicinae"
"2164","Formicinae"
"2165",NA
"2166",NA
"2167",NA
"2168",NA
"2169",NA
"2170",NA
"2171",NA
"2172",NA
"2173",NA
"2174",NA
"2175",NA
"2176",NA
"2177",NA
"2178",NA
"2179",NA
"2180",NA
"2181",NA
"2182",NA
"2183",NA
"2184",NA
"2185",NA
"2186",NA
"2187",NA
"2188",NA
"2189",NA
"2190",NA
"2191",NA
"2192",NA
"2193",NA
"2194","Dolichoderinae"
"2195","Dolichoderinae"
"2196","Dolichoderinae"
"2197","Dolichoderinae"
"2198","Myrmicinae"
"2199","Myrmicinae"
"2200","Myrmicinae"
"2201","Myrmicinae"
"2202","Myrmicinae"
"2203","Myrmicinae"
"2204","Myrmicinae"
"2205","Myrmicinae"
"2206","Myrmicinae"
"2207","Myrmicinae"
"2208","Myrmicinae"
"2209","Myrmicinae"
"2210","Myrmicinae"
"2211","Myrmicinae"
"2212","Myrmicinae"
"2213","Myrmicinae"
"2214","Myrmicinae"
"2215","Ponerinae"
"2216","Ponerinae"
"2217","Ponerinae"
"2218","Ponerinae"
"2219","Ponerinae"
"2220","Ponerinae"
"2221","Ponerinae"
"2222","Ponerinae"
"2223","Ponerinae"
"2224","Ponerinae"
"2225","Ponerinae"
"2226","Ponerinae"
"2227","Ponerinae"
"2228","Ponerinae"
"2229","Ponerinae"
"2230","Ponerinae"
"2231","Ponerinae"
"2232","Ponerinae"
"2233","Ponerinae"
"2234","Ponerinae"
"2235","Ponerinae"
"2236","Ponerinae"
"2237","Ponerinae"
"2238","Ponerinae"
"2239","Ponerinae"
"2240","Ponerinae"
"2241","Ponerinae"
"2242","Ponerinae"
"2243","Ponerinae"
"2244","Ponerinae"
"2245","Ponerinae"
"2246","Formicinae"
"2247","Formicinae"
"2248","Ponerinae"
"2249",NA
"2250",NA
"2251","Formicinae"
"2252","Formicinae"
"2253","Myrmicinae"
"2254","Myrmicinae"
"2255","Myrmicinae"
"2256","Myrmicinae"
"2257","Myrmicinae"
"2258","Myrmicinae"
"2259","Myrmicinae"
"2260","Myrmicinae"
"2261","Myrmicinae"
"2262","Myrmicinae"
"2263","Myrmicinae"
"2264","Myrmicinae"
"2265","Myrmicinae"
"2266","Myrmicinae"
"2267","Myrmicinae"
"2268","Ponerinae"
"2269","Ponerinae"
"2270","Ponerinae"
"2271","Ponerinae"
"2272","Ponerinae"
"2273","Ponerinae"
"2274","Ponerinae"
"2275",NA
"2276","Dolichoderinae"
"2277",NA
"2278",NA
"2279",NA
"2280",NA
"2281",NA
"2282","Ponerinae"
"2283",NA
"2284","Myrmicinae"
"2285","Myrmicinae"
"2286","Myrmicinae"
"2287","Myrmicinae"
"2288","Myrmicinae"
"2289","Formicinae"
"2290","Formicinae"
"2291","Formicinae"
"2292","Formicinae"
"2293",NA
"2294","Myrmicinae"
"2295","Myrmicinae"
"2296","Myrmicinae"
"2297","Myrmicinae"
"2298","Formicinae"
"2299","Myrmicinae"
"2300","Formicinae"
"2301","Formicinae"
"2302","Myrmicinae"
"2303","Myrmicinae"
"2304","Myrmicinae"
"2305","Myrmicinae"
"2306","Myrmicinae"
"2307","Myrmicinae"
"2308","Myrmicinae"
"2309","Myrmicinae"
"2310","Myrmicinae"
"2311","Myrmicinae"
"2312","Myrmicinae"
"2313","Myrmicinae"
"2314","Myrmicinae"
"2315","Myrmicinae"
"2316","Myrmicinae"
"2317","Myrmicinae"
"2318","Myrmicinae"
"2319","Myrmicinae"
"2320","Myrmicinae"
"2321","Myrmicinae"
"2322","Myrmicinae"
"2323","Myrmicinae"
"2324","Myrmicinae"
"2325","Myrmicinae"
"2326","Myrmicinae"
"2327","Myrmicinae"
"2328","Myrmicinae"
"2329","Myrmicinae"
"2330","Myrmicinae"
"2331","Myrmicinae"
"2332","Myrmicinae"
"2333","Myrmicinae"
"2334","Myrmicinae"
"2335","Myrmicinae"
"2336","Myrmicinae"
"2337","Myrmicinae"
"2338","Myrmicinae"
"2339","Myrmicinae"
"2340","Myrmicinae"
"2341","Myrmicinae"
"2342","Myrmicinae"
"2343","Myrmicinae"
"2344","Myrmicinae"
"2345","Myrmicinae"
"2346","Myrmicinae"
"2347","Myrmicinae"
"2348","Myrmicinae"
"2349","Myrmicinae"
"2350","Myrmicinae"
"2351","Myrmicinae"
"2352","Myrmicinae"
"2353","Myrmicinae"
"2354","Myrmicinae"
"2355","Myrmicinae"
"2356","Myrmicinae"
"2357","Myrmicinae"
"2358","Myrmicinae"
"2359","Myrmicinae"
"2360","Myrmicinae"
"2361","Myrmicinae"
"2362","Myrmicinae"
"2363","Myrmicinae"
"2364","Myrmicinae"
"2365","Myrmicinae"
"2366","Myrmicinae"
"2367","Myrmicinae"
"2368","Myrmicinae"
"2369","Myrmicinae"
"2370","Myrmicinae"
"2371","Myrmicinae"
"2372","Myrmicinae"
"2373","Myrmicinae"
"2374","Myrmicinae"
"2375","Myrmicinae"
"2376","Myrmicinae"
"2377","Myrmicinae"
"2378","Myrmicinae"
"2379","Myrmicinae"
"2380","Myrmicinae"
"2381","Myrmicinae"
"2382","Myrmicinae"
"2383","Myrmicinae"
"2384","Myrmicinae"
"2385","Myrmicinae"
"2386","Myrmicinae"
"2387","Myrmicinae"
"2388","Myrmicinae"
"2389","Myrmicinae"
"2390","Myrmicinae"
"2391","Myrmicinae"
"2392","Myrmicinae"
"2393","Myrmicinae"
"2394","Myrmicinae"
"2395","Myrmicinae"
"2396","Myrmicinae"
"2397","Myrmicinae"
"2398","Myrmicinae"
"2399","Myrmicinae"
"2400","Myrmicinae"
"2401","Myrmicinae"
"2402","Myrmicinae"
"2403","Myrmicinae"
"2404","Myrmicinae"
"2405","Myrmicinae"
"2406","Myrmicinae"
"2407","Myrmicinae"
"2408","Myrmicinae"
"2409","Myrmicinae"
"2410","Myrmicinae"
"2411","Myrmicinae"
"2412","Myrmicinae"
"2413","Myrmicinae"
"2414","Myrmicinae"
"2415","Myrmicinae"
"2416","Myrmicinae"
"2417","Myrmicinae"
"2418","Myrmicinae"
"2419","Myrmicinae"
"2420","Myrmicinae"
"2421","Myrmicinae"
"2422","Myrmicinae"
"2423","Myrmicinae"
"2424","Myrmicinae"
"2425","Myrmicinae"
"2426","Myrmicinae"
"2427","Myrmicinae"
"2428","Myrmicinae"
"2429","Myrmicinae"
"2430","Myrmicinae"
"2431","Myrmicinae"
"2432","Myrmicinae"
"2433","Myrmicinae"
"2434","Myrmicinae"
"2435","Myrmicinae"
"2436","Myrmicinae"
"2437","Myrmicinae"
"2438","Myrmicinae"
"2439","Myrmicinae"
"2440","Myrmicinae"
"2441","Myrmicinae"
"2442","Myrmicinae"
"2443","Myrmicinae"
"2444","Myrmicinae"
"2445","Myrmicinae"
"2446","Myrmicinae"
"2447","Myrmicinae"
"2448","Myrmicinae"
"2449","Myrmicinae"
"2450","Myrmicinae"
"2451","Myrmicinae"
"2452","Myrmicinae"
"2453","Myrmicinae"
"2454","Myrmicinae"
"2455","Myrmicinae"
"2456","Myrmicinae"
"2457","Myrmicinae"
"2458","Myrmicinae"
"2459","Myrmicinae"
"2460","Myrmicinae"
"2461","Myrmicinae"
"2462","Myrmicinae"
"2463","Myrmicinae"
"2464","Myrmicinae"
"2465","Myrmicinae"
"2466","Myrmicinae"
"2467","Myrmicinae"
"2468","Myrmicinae"
"2469","Myrmicinae"
"2470","Myrmicinae"
"2471","Myrmicinae"
"2472","Myrmicinae"
"2473","Myrmicinae"
"2474","Myrmicinae"
"2475","Myrmicinae"
"2476","Myrmicinae"
"2477","Myrmicinae"
"2478","Myrmicinae"
"2479","Myrmicinae"
"2480","Myrmicinae"
"2481","Myrmicinae"
"2482","Myrmicinae"
"2483","Myrmicinae"
"2484","Myrmicinae"
"2485","Myrmicinae"
"2486","Myrmicinae"
"2487","Myrmicinae"
"2488","Myrmicinae"
"2489","Myrmicinae"
"2490","Myrmicinae"
"2491","Myrmicinae"
"2492","Myrmicinae"
"2493","Myrmicinae"
"2494","Myrmicinae"
"2495","Myrmicinae"
"2496","Myrmicinae"
"2497","Myrmicinae"
"2498","Myrmicinae"
"2499","Myrmicinae"
"2500","Myrmicinae"
"2501","Myrmicinae"
"2502","Myrmicinae"
"2503","Dolichoderinae"
"2504","Dolichoderinae"
"2505","Dolichoderinae"
"2506","Dolichoderinae"
"2507","Ponerinae"
"2508","Formicinae"
"2509","Formicinae"
"2510","Formicinae"
"2511","Formicinae"
"2512","Formicinae"
"2513","Formicinae"
"2514","Formicinae"
"2515","Formicinae"
"2516","Formicinae"
"2517","Formicinae"
"2518","Formicinae"
"2519","Formicinae"
"2520","Formicinae"
"2521","Formicinae"
"2522","Formicinae"
"2523","Formicinae"
"2524","Formicinae"
"2525","Ponerinae"
"2526","Ponerinae"
"2527","Ponerinae"
"2528","Ponerinae"
"2529","Ponerinae"
"2530","Ponerinae"
"2531","Ponerinae"
"2532","Ponerinae"
"2533","Ponerinae"
"2534","Ponerinae"
"2535","Ponerinae"
"2536","Ponerinae"
"2537","Ponerinae"
"2538","Ponerinae"
"2539","Ponerinae"
"2540","Ponerinae"
"2541","Myrmicinae"
"2542","Myrmicinae"
"2543","Myrmicinae"
"2544","Myrmicinae"
"2545","Myrmicinae"
"2546","Myrmicinae"
"2547","Myrmicinae"
"2548","Myrmicinae"
"2549","Myrmicinae"
"2550","Myrmicinae"
"2551","Myrmicinae"
"2552","Myrmicinae"
"2553","Myrmicinae"
"2554","Myrmicinae"
"2555","Myrmicinae"
"2556","Myrmicinae"
"2557","Myrmicinae"
"2558","Myrmicinae"
"2559","Myrmicinae"
"2560","Myrmicinae"
"2561","Myrmicinae"
"2562","Myrmicinae"
"2563","Myrmicinae"
"2564","Myrmicinae"
"2565","Myrmicinae"
"2566","Myrmicinae"
"2567","Myrmicinae"
"2568","Myrmicinae"
"2569","Myrmicinae"
"2570","Myrmicinae"
"2571","Myrmicinae"
"2572","Myrmicinae"
"2573","Myrmicinae"
"2574","Myrmicinae"
"2575","Myrmicinae"
"2576","Myrmicinae"
"2577","Myrmicinae"
"2578","Myrmicinae"
"2579","Myrmicinae"
"2580","Myrmicinae"
"2581","Myrmicinae"
"2582","Myrmicinae"
"2583","Myrmicinae"
"2584","Myrmicinae"
"2585","Myrmicinae"
"2586","Formicinae"
"2587","Formicinae"
"2588","Formicinae"
"2589","Formicinae"
"2590","Formicinae"
"2591","Formicinae"
"2592","Formicinae"
"2593","Formicinae"
"2594","Formicinae"
"2595","Formicinae"
"2596","Formicinae"
"2597","Formicinae"
"2598","Formicinae"
"2599","Formicinae"
"2600","Formicinae"
"2601","Formicinae"
"2602","Formicinae"
"2603","Formicinae"
"2604","Formicinae"
"2605","Formicinae"
"2606","Formicinae"
"2607","Formicinae"
"2608","Formicinae"
"2609","Formicinae"
"2610","Formicinae"
"2611","Formicinae"
"2612","Formicinae"
"2613","Formicinae"
"2614","Formicinae"
"2615","Formicinae"
"2616","Formicinae"
"2617","Formicinae"
"2618","Formicinae"
"2619","Formicinae"
"2620","Formicinae"
"2621","Formicinae"
"2622","Formicinae"
"2623","Formicinae"
"2624","Formicinae"
"2625","Formicinae"
"2626","Formicinae"
"2627","Formicinae"
"2628","Formicinae"
"2629","Formicinae"
"2630","Formicinae"
"2631","Formicinae"
"2632","Formicinae"
"2633","Formicinae"
"2634","Formicinae"
"2635","Formicinae"
"2636","Formicinae"
"2637","Formicinae"
"2638","Formicinae"
"2639","Formicinae"
"2640","Formicinae"
"2641","Formicinae"
"2642","Formicinae"
"2643","Formicinae"
"2644","Formicinae"
"2645","Formicinae"
"2646","Formicinae"
"2647","Formicinae"
"2648","Formicinae"
"2649","Formicinae"
"2650","Formicinae"
"2651","Formicinae"
"2652","Formicinae"
"2653","Formicinae"
"2654","Formicinae"
"2655","Formicinae"
"2656","Formicinae"
"2657","Formicinae"
"2658","Formicinae"
"2659","Formicinae"
"2660","Formicinae"
"2661","Formicinae"
"2662","Formicinae"
"2663","Formicinae"
"2664","Formicinae"
"2665","Formicinae"
"2666","Formicinae"
"2667","Formicinae"
"2668","Formicinae"
"2669","Formicinae"
"2670","Formicinae"
"2671","Formicinae"
"2672","Formicinae"
"2673","Formicinae"
"2674","Formicinae"
"2675","Formicinae"
"2676","Formicinae"
"2677","Formicinae"
"2678","Formicinae"
"2679","Formicinae"
"2680","Formicinae"
"2681","Formicinae"
"2682","Formicinae"
"2683","Formicinae"
"2684","Formicinae"
"2685","Formicinae"
"2686","Formicinae"
"2687","Formicinae"
"2688","Formicinae"
"2689","Formicinae"
"2690","Formicinae"
"2691","Formicinae"
"2692","Formicinae"
"2693","Formicinae"
"2694","Formicinae"
"2695","Formicinae"
"2696","Formicinae"
"2697","Formicinae"
"2698","Formicinae"
"2699","Ponerinae"
"2700","Ponerinae"
"2701","Ponerinae"
"2702","Ponerinae"
"2703","Ponerinae"
"2704","Ponerinae"
"2705","Ponerinae"
"2706","Ponerinae"
"2707","Ponerinae"
"2708","Ponerinae"
"2709","Ponerinae"
"2710","Ponerinae"
"2711","Ponerinae"
"2712","Ponerinae"
"2713","Ponerinae"
"2714","Ponerinae"
"2715","Ponerinae"
"2716","Ponerinae"
"2717","Ponerinae"
"2718","Ponerinae"
"2719","Ponerinae"
"2720","Ponerinae"
"2721","Ponerinae"
"2722","Ponerinae"
"2723","Ponerinae"
"2724","Ponerinae"
"2725","Ponerinae"
"2726","Ponerinae"
"2727","Ponerinae"
"2728","Ponerinae"
"2729","Formicinae"
"2730","Formicinae"
"2731","Formicinae"
"2732","Formicinae"
"2733","Formicinae"
"2734","Formicinae"
"2735","Formicinae"
"2736","Formicinae"
"2737","Formicinae"
"2738","Formicinae"
"2739","Formicinae"
"2740","Formicinae"
"2741","Ponerinae"
"2742","Ponerinae"
"2743","Ponerinae"
"2744","Ponerinae"
"2745","Myrmicinae"
"2746","Myrmicinae"
"2747","Myrmicinae"
"2748","Myrmicinae"
"2749","Myrmicinae"
"2750","Myrmicinae"
"2751","Myrmicinae"
"2752","Myrmicinae"
"2753","Myrmicinae"
"2754","Myrmicinae"
"2755","Myrmicinae"
"2756","Myrmicinae"
"2757","Myrmicinae"
"2758","Ponerinae"
"2759","Ponerinae"
"2760","Ponerinae"
"2761","Ponerinae"
"2762","Ponerinae"
"2763","Ponerinae"
"2764","Ponerinae"
"2765","Ponerinae"
"2766","Ponerinae"
"2767","Ponerinae"
"2768","Ponerinae"
"2769","Ponerinae"
"2770","Ponerinae"
"2771","Ponerinae"
"2772","Ponerinae"
"2773","Ponerinae"
"2774","Ponerinae"
"2775","Ponerinae"
"2776","Ponerinae"
"2777","Ponerinae"
"2778","Ponerinae"
"2779","Ponerinae"
"2780","Ponerinae"
"2781","Ponerinae"
"2782","Ponerinae"
"2783","Ponerinae"
"2784","Myrmicinae"
"2785","Myrmicinae"
"2786","Myrmicinae"
"2787","Formicinae"
"2788","Formicinae"
"2789","Formicinae"
"2790","Formicinae"
"2791","Formicinae"
"2792","Formicinae"
"2793","Formicinae"
"2794","Formicinae"
"2795","Formicinae"
"2796","Formicinae"
"2797","Formicinae"
"2798","Formicinae"
"2799","Formicinae"
"2800","Formicinae"
"2801","Formicinae"
"2802",NA
"2803","Leptanillinae"
"2804","Leptanillinae"
"2805","Leptanillinae"
"2806","Leptanillinae"
"2807","Leptanillinae"
"2808","Dolichoderinae"
"2809","Ponerinae"
"2810","Ponerinae"
"2811","Myrmicinae"
"2812","Formicinae"
"2813","Formicinae"
"2814","Formicinae"
"2815","Formicinae"
"2816","Formicinae"
"2817","Formicinae"
"2818","Pseudomyrmecinae"
"2819","Pseudomyrmecinae"
"2820","Pseudomyrmecinae"
"2821","Pseudomyrmecinae"
"2822","Pseudomyrmecinae"
"2823","Pseudomyrmecinae"
"2824","Pseudomyrmecinae"
"2825","Pseudomyrmecinae"
"2826","Pseudomyrmecinae"
"2827","Pseudomyrmecinae"
"2828","Pseudomyrmecinae"
"2829","Pseudomyrmecinae"
"2830","Pseudomyrmecinae"
"2831","Pseudomyrmecinae"
"2832","Pseudomyrmecinae"
"2833","Pseudomyrmecinae"
"2834","Pseudomyrmecinae"
"2835","Pseudomyrmecinae"
"2836","Pseudomyrmecinae"
"2837","Pseudomyrmecinae"
"2838","Pseudomyrmecinae"
"2839","Pseudomyrmecinae"
"2840","Pseudomyrmecinae"
"2841","Pseudomyrmecinae"
"2842","Pseudomyrmecinae"
"2843","Pseudomyrmecinae"
"2844","Pseudomyrmecinae"
"2845","Pseudomyrmecinae"
"2846","Pseudomyrmecinae"
"2847","Pseudomyrmecinae"
"2848","Pseudomyrmecinae"
"2849","Pseudomyrmecinae"
"2850","Pseudomyrmecinae"
"2851","Pseudomyrmecinae"
"2852","Formicinae"
"2853",NA
"2854",NA
"2855","Myrmicinae"
"2856","Myrmicinae"
"2857","Myrmicinae"
"2858","Myrmicinae"
"2859","Myrmicinae"
"2860","Myrmicinae"
"2861","Myrmicinae"
"2862","Myrmicinae"
"2863","Myrmicinae"
"2864","Myrmicinae"
"2865","Myrmicinae"
"2866","Myrmicinae"
"2867","Myrmicinae"
"2868","Ponerinae"
"2869","Ponerinae"
"2870","Ponerinae"
"2871","Ponerinae"
"2872","Ponerinae"
"2873","Ponerinae"
"2874","Ponerinae"
"2875","Ponerinae"
"2876","Ponerinae"
"2877","Ponerinae"
"2878","Ponerinae"
"2879","Ponerinae"
"2880","Ponerinae"
"2881","Ponerinae"
"2882","Ponerinae"
"2883","Ponerinae"
"2884","Ponerinae"
"2885","Ponerinae"
"2886","Ponerinae"
"2887","Ponerinae"
"2888","Ponerinae"
"2889","Ponerinae"
"2890","Ponerinae"
"2891","Ponerinae"
"2892","Myrmicinae"
"2893","Myrmicinae"
"2894","Myrmicinae"
"2895","Myrmicinae"
"2896","Myrmicinae"
"2897","Myrmicinae"
"2898","Myrmicinae"
"2899","Formicinae"
"2900","Formicinae"
"2901","Formicinae"
"2902","Formicinae"
"2903","Myrmicinae"
"2904","Myrmicinae"
"2905","Myrmicinae"
"2906","Myrmicinae"
"2907","Myrmicinae"
"2908","Formicinae"
"2909","Ponerinae"
"2910","Ponerinae"
"2911","Ponerinae"
"2912","Ponerinae"
"2913","Ponerinae"
"2914","Ponerinae"
"2915","Cerapachyinae"
"2916","Myrmicinae"
"2917","Myrmicinae"
"2918","Myrmicinae"
"2919","Myrmicinae"
"2920","Myrmicinae"
"2921","Myrmicinae"
"2922","Myrmicinae"
"2923","Myrmicinae"
"2924","Myrmicinae"
"2925","Myrmicinae"
"2926","Myrmicinae"
"2927","Myrmicinae"
"2928","Myrmicinae"
"2929","Myrmicinae"
"2930","Myrmicinae"
"2931","Myrmicinae"
"2932","Myrmicinae"
"2933","Myrmicinae"
"2934","Myrmicinae"
"2935","Myrmicinae"
"2936","Myrmicinae"
"2937","Myrmicinae"
"2938","Myrmicinae"
"2939","Myrmicinae"
"2940","Myrmicinae"
"2941","Myrmicinae"
"2942","Myrmicinae"
"2943","Myrmicinae"
"2944","Myrmicinae"
"2945","Myrmicinae"
"2946","Myrmicinae"
"2947","Myrmicinae"
"2948","Myrmicinae"
"2949","Myrmicinae"
"2950","Myrmicinae"
"2951","Myrmicinae"
"2952","Myrmicinae"
"2953","Myrmicinae"
"2954","Myrmicinae"
"2955","Myrmicinae"
"2956","Myrmicinae"
"2957","Myrmicinae"
"2958","Myrmicinae"
"2959","Myrmicinae"
"2960","Myrmicinae"
"2961","Myrmicinae"
"2962","Myrmicinae"
"2963","Myrmicinae"
"2964","Myrmicinae"
"2965","Myrmicinae"
"2966","Myrmicinae"
"2967","Myrmicinae"
"2968","Myrmicinae"
"2969","Myrmicinae"
"2970","Myrmicinae"
"2971","Myrmicinae"
"2972","Myrmicinae"
"2973","Myrmicinae"
"2974","Myrmicinae"
"2975","Myrmicinae"
"2976","Myrmicinae"
"2977","Cerapachyinae"
"2978","Myrmicinae"
"2979","Myrmicinae"
"2980","Myrmicinae"
"2981","Myrmicinae"
"2982","Myrmicinae"
"2983","Myrmicinae"
"2984","Myrmicinae"
"2985","Myrmicinae"
"2986","Myrmicinae"
"2987","Myrmicinae"
"2988","Myrmicinae"
"2989","Myrmicinae"
"2990","Myrmicinae"
"2991","Myrmicinae"
"2992","Myrmicinae"
"2993","Myrmicinae"
"2994","Myrmicinae"
"2995","Myrmicinae"
"2996","Myrmicinae"
"2997","Myrmicinae"
"2998","Myrmicinae"
"2999","Myrmicinae"
"3000","Formicinae"
"3001",NA
"3002",NA
"3003",NA
"3004",NA
"3005",NA
"3006",NA
"3007",NA
"3008",NA
"3009","Ponerinae"
"3010","Ponerinae"
"3011","Myrmicinae"
"3012","Myrmicinae"
"3013","Myrmicinae"
"3014","Myrmicinae"
"3015","Myrmicinae"
"3016","Myrmicinae"
"3017","Myrmicinae"
"3018","Myrmicinae"
"3019","Myrmicinae"
"3020","Myrmicinae"
"3021","Myrmicinae"
"3022","Myrmicinae"
"3023","Myrmicinae"
"3024","Myrmicinae"
"3025","Myrmicinae"
"3026","Myrmicinae"
"3027","Myrmicinae"
"3028","Myrmicinae"
"3029","Myrmicinae"
"3030","Myrmicinae"
"3031","Myrmicinae"
"3032","Myrmicinae"
"3033","Myrmicinae"
"3034","Myrmicinae"
"3035","Myrmicinae"
"3036","Myrmicinae"
"3037","Myrmicinae"
"3038","Myrmicinae"
"3039","Myrmicinae"
"3040","Myrmicinae"
"3041","Myrmicinae"
"3042","Myrmicinae"
"3043","Myrmicinae"
"3044","Myrmicinae"
"3045","Myrmicinae"
"3046","Myrmicinae"
"3047","Myrmicinae"
"3048","Myrmicinae"
"3049","Myrmicinae"
"3050","Myrmicinae"
"3051","Myrmicinae"
"3052","Myrmicinae"
"3053","Myrmicinae"
"3054","Myrmicinae"
"3055","Myrmicinae"
"3056","Myrmicinae"
"3057","Myrmicinae"
"3058","Myrmicinae"
"3059","Myrmicinae"
"3060","Myrmicinae"
"3061","Myrmicinae"
"3062","Myrmicinae"
"3063","Myrmicinae"
"3064","Myrmicinae"
"3065","Myrmicinae"
"3066","Myrmicinae"
"3067","Myrmicinae"
"3068","Myrmicinae"
"3069","Myrmicinae"
"3070","Myrmicinae"
"3071","Myrmicinae"
"3072","Myrmicinae"
"3073","Myrmicinae"
"3074","Myrmicinae"
"3075","Myrmicinae"
"3076","Myrmicinae"
"3077","Myrmicinae"
"3078","Myrmicinae"
"3079","Myrmicinae"
"3080","Myrmicinae"
"3081","Myrmicinae"
"3082","Myrmicinae"
"3083","Myrmicinae"
"3084","Myrmicinae"
"3085","Myrmicinae"
"3086","Myrmicinae"
"3087","Myrmicinae"
"3088","Myrmicinae"
"3089","Myrmicinae"
"3090","Myrmicinae"
"3091","Myrmicinae"
"3092","Myrmicinae"
"3093","Myrmicinae"
"3094","Myrmicinae"
"3095","Myrmicinae"
"3096","Myrmicinae"
"3097","Myrmicinae"
"3098","Myrmicinae"
"3099","Myrmicinae"
"3100","Myrmicinae"
"3101","Myrmicinae"
"3102","Myrmicinae"
"3103","Myrmicinae"
"3104","Myrmicinae"
"3105","Myrmicinae"
"3106","Myrmicinae"
"3107","Myrmicinae"
"3108","Myrmicinae"
"3109","Myrmicinae"
"3110","Myrmicinae"
"3111","Myrmicinae"
"3112","Myrmicinae"
"3113","Myrmicinae"
"3114","Myrmicinae"
"3115","Myrmicinae"
"3116","Myrmicinae"
"3117","Myrmicinae"
"3118","Myrmicinae"
"3119","Myrmicinae"
"3120","Myrmicinae"
"3121",NA
"3122",NA
"3123",NA
"3124",NA
"3125","Myrmicinae"
"3126","Dolichoderinae"
"3127","Dolichoderinae"
"3128","Dolichoderinae"
"3129","Dolichoderinae"
"3130","Dolichoderinae"
"3131","Dolichoderinae"
"3132","Dolichoderinae"
"3133","Dolichoderinae"
"3134","Dolichoderinae"
"3135","Dolichoderinae"
"3136","Dolichoderinae"
"3137","Dolichoderinae"
"3138","Dolichoderinae"
"3139","Dolichoderinae"
"3140","Dolichoderinae"
"3141","Dolichoderinae"
"3142","Dolichoderinae"
"3143","Dolichoderinae"
"3144","Dolichoderinae"
"3145","Dolichoderinae"
"3146","Dolichoderinae"
"3147","Dolichoderinae"
"3148","Dolichoderinae"
"3149","Dolichoderinae"
"3150","Dolichoderinae"
"3151","Dolichoderinae"
"3152","Dolichoderinae"
"3153","Dolichoderinae"
"3154","Dolichoderinae"
"3155","Myrmicinae"
"3156","Dolichoderinae"
"3157","Dolichoderinae"
"3158","Dolichoderinae"
"3159","Dolichoderinae"
"3160","Dolichoderinae"
"3161","Dolichoderinae"
"3162","Dolichoderinae"
"3163","Dolichoderinae"
"3164","Dolichoderinae"
"3165","Dolichoderinae"
"3166","Dolichoderinae"
"3167","Dolichoderinae"
"3168","Dolichoderinae"
"3169","Dolichoderinae"
"3170","Dolichoderinae"
"3171","Dolichoderinae"
"3172","Dolichoderinae"
"3173","Dolichoderinae"
"3174","Dolichoderinae"
"3175","Dolichoderinae"
"3176","Dolichoderinae"
"3177",NA
"3178",NA
"3179",NA
"3180",NA
"3181",NA
"3182",NA
"3183",NA
"3184",NA
"3185",NA
"3186",NA
"3187",NA
"3188",NA
"3189",NA
"3190",NA
"3191",NA
"3192",NA
"3193",NA
"3194",NA
"3195",NA
"3196",NA
"3197",NA
"3198",NA
"3199",NA
"3200",NA
"3201",NA
"3202",NA
"3203",NA
"3204",NA
"3205",NA
"3206",NA
"3207",NA
"3208",NA
"3209",NA
"3210",NA
"3211",NA
"3212",NA
"3213",NA
"3214",NA
"3215",NA
"3216",NA
"3217",NA
"3218",NA
"3219",NA
"3220",NA
"3221",NA
"3222",NA
"3223",NA
"3224",NA
"3225",NA
"3226",NA
"3227",NA
"3228",NA
"3229",NA
"3230",NA
"3231",NA
"3232",NA
"3233",NA
"3234",NA
"3235",NA
"3236",NA
"3237",NA
"3238",NA
"3239",NA
"3240",NA
"3241",NA
"3242",NA
"3243",NA
"3244",NA
"3245",NA
"3246",NA
"3247",NA
"3248",NA
"3249",NA
"3250",NA
"3251",NA
"3252",NA
"3253","Myrmicinae"
"3254","Myrmicinae"
"3255","Myrmicinae"
"3256","Myrmicinae"
"3257","Myrmicinae"
"3258","Myrmicinae"
"3259","Myrmicinae"
"3260","Myrmicinae"
"3261","Myrmicinae"
"3262","Myrmicinae"
"3263","Myrmicinae"
"3264","Myrmicinae"
"3265","Myrmicinae"
"3266","Myrmicinae"
"3267","Myrmicinae"
"3268","Myrmicinae"
"3269","Myrmicinae"
"3270","Myrmicinae"
"3271","Myrmicinae"
"3272","Myrmicinae"
"3273","Myrmicinae"
"3274","Myrmicinae"
"3275","Myrmicinae"
"3276","Myrmicinae"
"3277","Myrmicinae"
"3278","Myrmicinae"
"3279","Myrmicinae"
"3280","Myrmicinae"
"3281","Myrmicinae"
"3282","Myrmicinae"
"3283","Myrmicinae"
"3284","Myrmicinae"
"3285","Myrmicinae"
"3286","Myrmicinae"
"3287","Myrmicinae"
"3288","Myrmicinae"
"3289","Myrmicinae"
"3290","Myrmicinae"
"3291","Myrmicinae"
"3292","Myrmicinae"
"3293","Myrmicinae"
"3294","Myrmicinae"
"3295","Myrmicinae"
"3296","Myrmicinae"
"3297","Myrmicinae"
"3298","Myrmicinae"
"3299","Myrmicinae"
"3300","Myrmicinae"
"3301","Myrmicinae"
"3302","Myrmicinae"
"3303","Myrmicinae"
"3304","Myrmicinae"
"3305","Myrmicinae"
"3306","Myrmicinae"
"3307","Myrmicinae"
"3308","Myrmicinae"
"3309","Myrmicinae"
"3310","Myrmicinae"
"3311","Myrmicinae"
"3312","Myrmicinae"
"3313","Myrmicinae"
"3314","Myrmicinae"
"3315","Myrmicinae"
"3316","Myrmicinae"
"3317","Myrmicinae"
"3318","Myrmicinae"
"3319","Myrmicinae"
"3320","Myrmicinae"
"3321","Myrmicinae"
"3322","Myrmicinae"
"3323","Myrmicinae"
"3324","Myrmicinae"
"3325","Myrmicinae"
"3326","Myrmicinae"
"3327","Myrmicinae"
"3328","Myrmicinae"
"3329","Myrmicinae"
"3330","Myrmicinae"
"3331","Myrmicinae"
"3332","Myrmicinae"
"3333","Myrmicinae"
"3334","Myrmicinae"
"3335","Myrmicinae"
"3336","Myrmicinae"
"3337","Myrmicinae"
"3338","Myrmicinae"
"3339","Myrmicinae"
"3340","Myrmicinae"
"3341","Myrmicinae"
"3342","Myrmicinae"
"3343","Myrmicinae"
"3344","Myrmicinae"
"3345","Myrmicinae"
"3346","Myrmicinae"
"3347","Myrmicinae"
"3348","Myrmicinae"
"3349","Myrmicinae"
"3350","Myrmicinae"
"3351","Myrmicinae"
"3352","Myrmicinae"
"3353","Myrmicinae"
"3354","Myrmicinae"
"3355","Myrmicinae"
"3356","Myrmicinae"
"3357","Myrmicinae"
"3358","Myrmicinae"
"3359","Myrmicinae"
"3360","Myrmicinae"
"3361","Myrmicinae"
"3362","Myrmicinae"
"3363","Myrmicinae"
"3364","Myrmicinae"
"3365","Myrmicinae"
"3366","Myrmicinae"
"3367","Myrmicinae"
"3368","Myrmicinae"
"3369","Myrmicinae"
"3370","Myrmicinae"
"3371","Myrmicinae"
"3372","Myrmicinae"
"3373","Myrmicinae"
"3374","Myrmicinae"
"3375","Myrmicinae"
"3376","Myrmicinae"
"3377","Myrmicinae"
"3378","Myrmicinae"
"3379","Myrmicinae"
"3380","Myrmicinae"
"3381","Myrmicinae"
"3382","Myrmicinae"
"3383","Myrmicinae"
"3384","Myrmicinae"
"3385","Myrmicinae"
"3386","Myrmicinae"
"3387","Myrmicinae"
"3388","Myrmicinae"
"3389","Myrmicinae"
"3390","Myrmicinae"
"3391","Myrmicinae"
"3392","Myrmicinae"
"3393","Myrmicinae"
"3394","Myrmicinae"
"3395","Pseudomyrmecinae"
"3396","Pseudomyrmecinae"
"3397","Pseudomyrmecinae"
"3398","Pseudomyrmecinae"
"3399","Pseudomyrmecinae"
"3400","Pseudomyrmecinae"
"3401","Pseudomyrmecinae"
"3402","Pseudomyrmecinae"
"3403","Pseudomyrmecinae"
"3404","Pseudomyrmecinae"
"3405","Pseudomyrmecinae"
"3406","Pseudomyrmecinae"
"3407","Pseudomyrmecinae"
"3408","Pseudomyrmecinae"
"3409","Pseudomyrmecinae"
"3410","Pseudomyrmecinae"
"3411","Pseudomyrmecinae"
"3412","Pseudomyrmecinae"
"3413","Pseudomyrmecinae"
"3414","Ponerinae"
"3415","Ponerinae"
"3416","Ponerinae"
"3417","Ponerinae"
"3418","Ponerinae"
"3419","Ponerinae"
"3420","Ponerinae"
"3421","Ponerinae"
"3422","Ponerinae"
"3423","Myrmicinae"
"3424","Myrmicinae"
"3425","Myrmicinae"
"3426","Myrmicinae"
"3427","Myrmicinae"
"3428","Myrmicinae"
"3429","Myrmicinae"
"3430","Myrmicinae"
"3431","Myrmicinae"
"3432","Myrmicinae"
"3433","Myrmicinae"
"3434","Myrmicinae"
"3435","Myrmicinae"
"3436","Myrmicinae"
"3437","Myrmicinae"
"3438","Myrmicinae"
"3439","Myrmicinae"
"3440","Myrmicinae"
"3441","Myrmicinae"
"3442","Myrmicinae"
"3443","Myrmicinae"
"3444","Myrmicinae"
"3445","Myrmicinae"
"3446","Myrmicinae"
"3447","Myrmicinae"
"3448","Myrmicinae"
"3449",NA
"3450",NA
"3451",NA
"3452",NA
"3453",NA
"3454","Dolichoderinae"
"3455","Ponerinae"
"3456","Ponerinae"
"3457","Ponerinae"
"3458","Ponerinae"
"3459",NA
"3460",NA
"3461",NA
"3462",NA
"3463",NA
"3464",NA
"3465",NA
"3466","Myrmicinae"
"3467","Myrmicinae"
"3468","Myrmicinae"
"3469","Myrmicinae"
"3470","Myrmicinae"
"3471","Myrmicinae"
"3472","Myrmicinae"
"3473","Myrmicinae"
"3474","Myrmicinae"
"3475","Myrmicinae"
"3476","Myrmicinae"
"3477","Myrmicinae"
"3478","Myrmicinae"
"3479","Myrmicinae"
"3480","Myrmicinae"
"3481","Myrmicinae"
"3482","Myrmicinae"
"3483","Myrmicinae"
"3484","Myrmicinae"
"3485","Myrmicinae"
"3486","Myrmicinae"
"3487","Myrmicinae"
"3488","Myrmicinae"
"3489","Myrmicinae"
"3490","Myrmicinae"
"3491","Myrmicinae"
"3492","Myrmicinae"
"3493","Myrmicinae"
"3494","Myrmicinae"
"3495","Leptanillinae"
"3496","Leptanillinae"
"3497",NA
"3498",NA
"3499",NA
"3500",NA
"3501",NA
